{
  "lastId": 218,
  "attempts": [
    {
      "id": 1,
      "timestamp": "2026-01-12T22:07:28.241674",
      "operation": "multiplication",
      "digits": 2,
      "question": "8 × 12",
      "userAnswer": 96,
      "correctAnswer": 96,
      "isCorrect": true,
      "timeTaken": 13.5
    },
    {
      "id": 2,
      "timestamp": "2026-01-19T18:25:28.241674",
      "operation": "addition",
      "digits": 3,
      "question": "72 + 91",
      "userAnswer": 163,
      "correctAnswer": 163,
      "isCorrect": true,
      "timeTaken": 8.1
    },
    {
      "id": 3,
      "timestamp": "2025-12-30T12:37:28.241674",
      "operation": "multiplication",
      "digits": 2,
      "question": "3 × 11",
      "userAnswer": 33,
      "correctAnswer": 33,
      "isCorrect": true,
      "timeTaken": 14.7
    },
    {
      "id": 4,
      "timestamp": "2026-01-18T22:04:28.241674",
      "operation": "subtraction",
      "digits": 2,
      "question": "71 - 49",
      "userAnswer": 22,
      "correctAnswer": 22,
      "isCorrect": true,
      "timeTaken": 8.4
    },
    {
      "id": 5,
      "timestamp": "2026-01-09T10:06:28.241674",
      "operation": "multiplication",
      "digits": 3,
      "question": "11 × 10",
      "userAnswer": 99,
      "correctAnswer": 110,
      "isCorrect": false,
      "timeTaken": 17.3
    },
    {
      "id": 6,
      "timestamp": "2026-01-20T17:10:28.241674",
      "operation": "addition",
      "digits": 3,
      "question": "81 + 31",
      "userAnswer": 112,
      "correctAnswer": 112,
      "isCorrect": true,
      "timeTaken": 5.1
    },
    {
      "id": 7,
      "timestamp": "2025-12-29T18:07:28.241674",
      "operation": "subtraction",
      "digits": 2,
      "question": "51 - 9",
      "userAnswer": 43,
      "correctAnswer": 42,
      "isCorrect": false,
      "timeTaken": 22.9
    },
    {
      "id": 8,
      "timestamp": "2026-01-04T14:28:28.241674",
      "operation": "division",
      "digits": 2,
      "question": "24 ÷ 12",
      "userAnswer": 2,
      "correctAnswer": 2,
      "isCorrect": true,
      "timeTaken": 2.9
    },
    {
      "id": 9,
      "timestamp": "2025-12-23T10:10:28.241674",
      "operation": "multiplication",
      "digits": 2,
      "question": "9 × 5",
      "userAnswer": 45,
      "correctAnswer": 45,
      "isCorrect": true,
      "timeTaken": 4.1
    },
    {
      "id": 10,
      "timestamp": "2026-01-16T04:56:28.241674",
      "operation": "multiplication",
      "digits": 3,
      "question": "11 × 12",
      "userAnswer": 132,
      "correctAnswer": 132,
      "isCorrect": true,
      "timeTaken": 14.4
    },
    {
      "id": 11,
      "timestamp": "2026-01-02T18:04:28.241674",
      "operation": "addition",
      "digits": 3,
      "question": "85 + 24",
      "userAnswer": 109,
      "correctAnswer": 109,
      "isCorrect": true,
      "timeTaken": 13.2
    },
    {
      "id": 12,
      "timestamp": "2026-01-06T19:24:28.241674",
      "operation": "subtraction",
      "digits": 2,
      "question": "40 - 13",
      "userAnswer": 27,
      "correctAnswer": 27,
      "isCorrect": true,
      "timeTaken": 10.9
    },
    {
      "id": 13,
      "timestamp": "2025-12-25T22:18:28.241674",
      "operation": "division",
      "digits": 2,
      "question": "36 ÷ 9",
      "userAnswer": 4,
      "correctAnswer": 4,
      "isCorrect": true,
      "timeTaken": 11.8
    },
    {
      "id": 14,
      "timestamp": "2025-12-28T14:28:28.241674",
      "operation": "subtraction",
      "digits": 2,
      "question": "39 - 33",
      "userAnswer": 16,
      "correctAnswer": 6,
      "isCorrect": false,
      "timeTaken": 5.3
    },
    {
      "id": 15,
      "timestamp": "2025-12-24T11:57:28.241674",
      "operation": "subtraction",
      "digits": 2,
      "question": "61 - 22",
      "userAnswer": 39,
      "correctAnswer": 39,
      "isCorrect": true,
      "timeTaken": 6.2
    },
    {
      "id": 16,
      "timestamp": "2026-01-01T18:40:28.241674",
      "operation": "addition",
      "digits": 3,
      "question": "98 + 19",
      "userAnswer": 117,
      "correctAnswer": 117,
      "isCorrect": true,
      "timeTaken": 11.5
    },
    {
      "id": 17,
      "timestamp": "2025-12-25T16:04:28.241674",
      "operation": "addition",
      "digits": 3,
      "question": "77 + 40",
      "userAnswer": 117,
      "correctAnswer": 117,
      "isCorrect": true,
      "timeTaken": 7.3
    },
    {
      "id": 18,
      "timestamp": "2026-01-13T12:05:28.241674",
      "operation": "addition",
      "digits": 2,
      "question": "48 + 38",
      "userAnswer": 86,
      "correctAnswer": 86,
      "isCorrect": true,
      "timeTaken": 2.7
    },
    {
      "id": 19,
      "timestamp": "2026-01-14T19:40:28.241674",
      "operation": "addition",
      "digits": 2,
      "question": "37 + 60",
      "userAnswer": 97,
      "correctAnswer": 97,
      "isCorrect": true,
      "timeTaken": 7.1
    },
    {
      "id": 20,
      "timestamp": "2026-01-15T13:37:28.241674",
      "operation": "division",
      "digits": 2,
      "question": "64 ÷ 8",
      "userAnswer": 8,
      "correctAnswer": 8,
      "isCorrect": true,
      "timeTaken": 13.2
    },
    {
      "id": 21,
      "timestamp": "2026-01-08T21:31:28.241674",
      "operation": "division",
      "digits": 2,
      "question": "36 ÷ 3",
      "userAnswer": 10,
      "correctAnswer": 12,
      "isCorrect": false,
      "timeTaken": 9.4
    },
    {
      "id": 22,
      "timestamp": "2026-01-14T02:17:28.241674",
      "operation": "multiplication",
      "digits": 3,
      "question": "12 × 10",
      "userAnswer": 120,
      "correctAnswer": 120,
      "isCorrect": true,
      "timeTaken": 7.4
    },
    {
      "id": 23,
      "timestamp": "2026-01-11T09:11:28.241674",
      "operation": "multiplication",
      "digits": 2,
      "question": "10 × 3",
      "userAnswer": 30,
      "correctAnswer": 30,
      "isCorrect": true,
      "timeTaken": 5.4
    },
    {
      "id": 24,
      "timestamp": "2026-01-04T01:55:28.241674",
      "operation": "addition",
      "digits": 2,
      "question": "2 + 37",
      "userAnswer": 39,
      "correctAnswer": 39,
      "isCorrect": true,
      "timeTaken": 7.7
    },
    {
      "id": 25,
      "timestamp": "2025-12-23T08:18:28.241674",
      "operation": "division",
      "digits": 2,
      "question": "66 ÷ 11",
      "userAnswer": 6,
      "correctAnswer": 6,
      "isCorrect": true,
      "timeTaken": 9.0
    },
    {
      "id": 26,
      "timestamp": "2025-12-31T14:39:28.241674",
      "operation": "subtraction",
      "digits": 2,
      "question": "63 - 43",
      "userAnswer": 20,
      "correctAnswer": 20,
      "isCorrect": true,
      "timeTaken": 2.9
    },
    {
      "id": 27,
      "timestamp": "2026-01-17T09:28:28.241674",
      "operation": "subtraction",
      "digits": 2,
      "question": "38 - 7",
      "userAnswer": 31,
      "correctAnswer": 31,
      "isCorrect": true,
      "timeTaken": 8.3
    },
    {
      "id": 28,
      "timestamp": "2025-12-28T03:02:28.241674",
      "operation": "multiplication",
      "digits": 1,
      "question": "1 × 4",
      "userAnswer": 5,
      "correctAnswer": 4,
      "isCorrect": false,
      "timeTaken": 14.3
    },
    {
      "id": 29,
      "timestamp": "2026-01-07T03:07:28.241674",
      "operation": "division",
      "digits": 2,
      "question": "20 ÷ 10",
      "userAnswer": 0,
      "correctAnswer": 2,
      "isCorrect": false,
      "timeTaken": 7.9
    },
    {
      "id": 30,
      "timestamp": "2025-12-27T09:32:28.241674",
      "operation": "subtraction",
      "digits": 2,
      "question": "92 - 4",
      "userAnswer": 88,
      "correctAnswer": 88,
      "isCorrect": true,
      "timeTaken": 8.8
    },
    {
      "id": 31,
      "timestamp": "2026-01-20T07:54:28.241674",
      "operation": "multiplication",
      "digits": 2,
      "question": "9 × 5",
      "userAnswer": 45,
      "correctAnswer": 45,
      "isCorrect": true,
      "timeTaken": 8.6
    },
    {
      "id": 32,
      "timestamp": "2026-01-05T03:31:28.241674",
      "operation": "division",
      "digits": 2,
      "question": "14 ÷ 2",
      "userAnswer": 7,
      "correctAnswer": 7,
      "isCorrect": true,
      "timeTaken": 5.6
    },
    {
      "id": 33,
      "timestamp": "2026-01-15T06:08:28.241674",
      "operation": "division",
      "digits": 3,
      "question": "132 ÷ 11",
      "userAnswer": 12,
      "correctAnswer": 12,
      "isCorrect": true,
      "timeTaken": 4.8
    },
    {
      "id": 34,
      "timestamp": "2026-01-17T10:35:28.241674",
      "operation": "division",
      "digits": 1,
      "question": "8 ÷ 1",
      "userAnswer": 8,
      "correctAnswer": 8,
      "isCorrect": true,
      "timeTaken": 12.3
    },
    {
      "id": 35,
      "timestamp": "2026-01-03T08:13:28.241674",
      "operation": "multiplication",
      "digits": 2,
      "question": "8 × 9",
      "userAnswer": 72,
      "correctAnswer": 72,
      "isCorrect": true,
      "timeTaken": 5.6
    },
    {
      "id": 36,
      "timestamp": "2026-01-10T03:23:28.241674",
      "operation": "division",
      "digits": 2,
      "question": "16 ÷ 8",
      "userAnswer": 1,
      "correctAnswer": 2,
      "isCorrect": false,
      "timeTaken": 7.4
    },
    {
      "id": 37,
      "timestamp": "2026-01-04T13:40:28.241674",
      "operation": "multiplication",
      "digits": 3,
      "question": "11 × 10",
      "userAnswer": 110,
      "correctAnswer": 110,
      "isCorrect": true,
      "timeTaken": 7.3
    },
    {
      "id": 38,
      "timestamp": "2025-12-25T19:14:28.241674",
      "operation": "subtraction",
      "digits": 2,
      "question": "13 - 1",
      "userAnswer": 13,
      "correctAnswer": 12,
      "isCorrect": false,
      "timeTaken": 23.6
    },
    {
      "id": 39,
      "timestamp": "2025-12-30T09:55:28.241674",
      "operation": "multiplication",
      "digits": 2,
      "question": "11 × 4",
      "userAnswer": 44,
      "correctAnswer": 44,
      "isCorrect": true,
      "timeTaken": 6.7
    },
    {
      "id": 40,
      "timestamp": "2025-12-29T01:27:28.241674",
      "operation": "subtraction",
      "digits": 2,
      "question": "75 - 38",
      "userAnswer": 37,
      "correctAnswer": 37,
      "isCorrect": true,
      "timeTaken": 13.4
    },
    {
      "id": 41,
      "timestamp": "2026-01-14T12:56:28.241674",
      "operation": "subtraction",
      "digits": 2,
      "question": "63 - 22",
      "userAnswer": 31,
      "correctAnswer": 41,
      "isCorrect": false,
      "timeTaken": 24.3
    },
    {
      "id": 42,
      "timestamp": "2026-01-12T16:53:28.241674",
      "operation": "subtraction",
      "digits": 2,
      "question": "95 - 43",
      "userAnswer": 52,
      "correctAnswer": 52,
      "isCorrect": true,
      "timeTaken": 14.8
    },
    {
      "id": 43,
      "timestamp": "2026-01-02T21:04:28.241674",
      "operation": "multiplication",
      "digits": 2,
      "question": "9 × 6",
      "userAnswer": 54,
      "correctAnswer": 54,
      "isCorrect": true,
      "timeTaken": 9.5
    },
    {
      "id": 44,
      "timestamp": "2026-01-18T22:12:28.241674",
      "operation": "addition",
      "digits": 3,
      "question": "63 + 64",
      "userAnswer": 127,
      "correctAnswer": 127,
      "isCorrect": true,
      "timeTaken": 5.8
    },
    {
      "id": 45,
      "timestamp": "2026-01-05T23:07:28.241674",
      "operation": "multiplication",
      "digits": 2,
      "question": "6 × 5",
      "userAnswer": 30,
      "correctAnswer": 30,
      "isCorrect": true,
      "timeTaken": 13.6
    },
    {
      "id": 46,
      "timestamp": "2025-12-22T21:50:28.241674",
      "operation": "division",
      "digits": 2,
      "question": "35 ÷ 5",
      "userAnswer": 9,
      "correctAnswer": 7,
      "isCorrect": false,
      "timeTaken": 6.4
    },
    {
      "id": 47,
      "timestamp": "2025-12-24T21:55:28.241674",
      "operation": "addition",
      "digits": 3,
      "question": "31 + 83",
      "userAnswer": 109,
      "correctAnswer": 114,
      "isCorrect": false,
      "timeTaken": 15.9
    },
    {
      "id": 48,
      "timestamp": "2025-12-24T20:18:28.241674",
      "operation": "multiplication",
      "digits": 2,
      "question": "8 × 10",
      "userAnswer": 80,
      "correctAnswer": 80,
      "isCorrect": true,
      "timeTaken": 11.2
    },
    {
      "id": 49,
      "timestamp": "2026-01-17T01:01:28.241674",
      "operation": "division",
      "digits": 2,
      "question": "24 ÷ 4",
      "userAnswer": 6,
      "correctAnswer": 6,
      "isCorrect": true,
      "timeTaken": 12.3
    },
    {
      "id": 50,
      "timestamp": "2026-01-09T21:34:28.241674",
      "operation": "subtraction",
      "digits": 2,
      "question": "18 - 16",
      "userAnswer": 2,
      "correctAnswer": 2,
      "isCorrect": true,
      "timeTaken": 13.4
    },
    {
      "id": 51,
      "timestamp": "2026-01-18T20:18:28.241674",
      "operation": "division",
      "digits": 2,
      "question": "44 ÷ 11",
      "userAnswer": 2,
      "correctAnswer": 4,
      "isCorrect": false,
      "timeTaken": 16.8
    },
    {
      "id": 52,
      "timestamp": "2026-01-07T16:02:28.241674",
      "operation": "addition",
      "digits": 2,
      "question": "10 + 88",
      "userAnswer": 98,
      "correctAnswer": 98,
      "isCorrect": true,
      "timeTaken": 13.7
    },
    {
      "id": 53,
      "timestamp": "2026-01-18T23:56:28.241674",
      "operation": "addition",
      "digits": 3,
      "question": "93 + 24",
      "userAnswer": 117,
      "correctAnswer": 117,
      "isCorrect": true,
      "timeTaken": 11.6
    },
    {
      "id": 54,
      "timestamp": "2025-12-23T19:42:28.241674",
      "operation": "subtraction",
      "digits": 2,
      "question": "37 - 35",
      "userAnswer": 2,
      "correctAnswer": 2,
      "isCorrect": true,
      "timeTaken": 14.9
    },
    {
      "id": 55,
      "timestamp": "2026-01-01T17:09:28.241674",
      "operation": "subtraction",
      "digits": 2,
      "question": "84 - 1",
      "userAnswer": 83,
      "correctAnswer": 83,
      "isCorrect": true,
      "timeTaken": 12.7
    },
    {
      "id": 56,
      "timestamp": "2026-01-05T17:19:28.241674",
      "operation": "subtraction",
      "digits": 2,
      "question": "52 - 30",
      "userAnswer": 23,
      "correctAnswer": 22,
      "isCorrect": false,
      "timeTaken": 21.2
    },
    {
      "id": 57,
      "timestamp": "2025-12-23T03:50:28.241674",
      "operation": "subtraction",
      "digits": 2,
      "question": "73 - 63",
      "userAnswer": 10,
      "correctAnswer": 10,
      "isCorrect": true,
      "timeTaken": 6.8
    },
    {
      "id": 58,
      "timestamp": "2025-12-28T08:07:28.241674",
      "operation": "division",
      "digits": 2,
      "question": "45 ÷ 9",
      "userAnswer": 5,
      "correctAnswer": 5,
      "isCorrect": true,
      "timeTaken": 11.2
    },
    {
      "id": 59,
      "timestamp": "2026-01-22T04:30:28.241674",
      "operation": "multiplication",
      "digits": 1,
      "question": "6 × 1",
      "userAnswer": 6,
      "correctAnswer": 6,
      "isCorrect": true,
      "timeTaken": 4.6
    },
    {
      "id": 60,
      "timestamp": "2025-12-30T13:03:28.241674",
      "operation": "multiplication",
      "digits": 1,
      "question": "7 × 1",
      "userAnswer": 0,
      "correctAnswer": 7,
      "isCorrect": false,
      "timeTaken": 13.5
    },
    {
      "id": 61,
      "timestamp": "2026-01-05T10:56:28.241674",
      "operation": "addition",
      "digits": 2,
      "question": "44 + 45",
      "userAnswer": 99,
      "correctAnswer": 89,
      "isCorrect": false,
      "timeTaken": 23.8
    },
    {
      "id": 62,
      "timestamp": "2025-12-29T03:05:28.241674",
      "operation": "division",
      "digits": 1,
      "question": "9 ÷ 3",
      "userAnswer": 2,
      "correctAnswer": 3,
      "isCorrect": false,
      "timeTaken": 20.9
    },
    {
      "id": 63,
      "timestamp": "2025-12-31T16:35:28.241674",
      "operation": "division",
      "digits": 2,
      "question": "18 ÷ 3",
      "userAnswer": 6,
      "correctAnswer": 6,
      "isCorrect": true,
      "timeTaken": 9.2
    },
    {
      "id": 64,
      "timestamp": "2026-01-16T08:41:28.241674",
      "operation": "multiplication",
      "digits": 2,
      "question": "10 × 5",
      "userAnswer": 50,
      "correctAnswer": 50,
      "isCorrect": true,
      "timeTaken": 12.7
    },
    {
      "id": 65,
      "timestamp": "2026-01-13T03:42:28.241674",
      "operation": "multiplication",
      "digits": 2,
      "question": "12 × 3",
      "userAnswer": 36,
      "correctAnswer": 36,
      "isCorrect": true,
      "timeTaken": 13.1
    },
    {
      "id": 66,
      "timestamp": "2026-01-02T09:08:28.241674",
      "operation": "multiplication",
      "digits": 2,
      "question": "11 × 3",
      "userAnswer": 33,
      "correctAnswer": 33,
      "isCorrect": true,
      "timeTaken": 5.2
    },
    {
      "id": 67,
      "timestamp": "2025-12-26T22:05:28.241674",
      "operation": "division",
      "digits": 2,
      "question": "48 ÷ 4",
      "userAnswer": 12,
      "correctAnswer": 12,
      "isCorrect": true,
      "timeTaken": 6.2
    },
    {
      "id": 68,
      "timestamp": "2026-01-20T22:18:28.241674",
      "operation": "division",
      "digits": 1,
      "question": "8 ÷ 4",
      "userAnswer": 2,
      "correctAnswer": 2,
      "isCorrect": true,
      "timeTaken": 7.4
    },
    {
      "id": 69,
      "timestamp": "2026-01-03T06:35:28.241674",
      "operation": "addition",
      "digits": 3,
      "question": "66 + 68",
      "userAnswer": 134,
      "correctAnswer": 134,
      "isCorrect": true,
      "timeTaken": 7.4
    },
    {
      "id": 70,
      "timestamp": "2025-12-24T05:50:28.241674",
      "operation": "addition",
      "digits": 2,
      "question": "47 + 25",
      "userAnswer": 72,
      "correctAnswer": 72,
      "isCorrect": true,
      "timeTaken": 9.7
    },
    {
      "id": 71,
      "timestamp": "2026-01-10T13:47:28.241674",
      "operation": "division",
      "digits": 2,
      "question": "33 ÷ 3",
      "userAnswer": 9,
      "correctAnswer": 11,
      "isCorrect": false,
      "timeTaken": 19.7
    },
    {
      "id": 72,
      "timestamp": "2025-12-24T01:49:28.241674",
      "operation": "addition",
      "digits": 3,
      "question": "42 + 74",
      "userAnswer": 116,
      "correctAnswer": 116,
      "isCorrect": true,
      "timeTaken": 9.7
    },
    {
      "id": 73,
      "timestamp": "2026-01-16T11:35:28.241674",
      "operation": "multiplication",
      "digits": 3,
      "question": "10 × 11",
      "userAnswer": 110,
      "correctAnswer": 110,
      "isCorrect": true,
      "timeTaken": 11.6
    },
    {
      "id": 74,
      "timestamp": "2026-01-10T04:48:28.241674",
      "operation": "addition",
      "digits": 2,
      "question": "16 + 63",
      "userAnswer": 79,
      "correctAnswer": 79,
      "isCorrect": true,
      "timeTaken": 9.2
    },
    {
      "id": 75,
      "timestamp": "2026-01-04T08:14:28.241674",
      "operation": "division",
      "digits": 2,
      "question": "40 ÷ 5",
      "userAnswer": 8,
      "correctAnswer": 8,
      "isCorrect": true,
      "timeTaken": 5.0
    },
    {
      "id": 76,
      "timestamp": "2026-01-22T17:21:28.241674",
      "operation": "multiplication",
      "digits": 1,
      "question": "2 × 3",
      "userAnswer": 6,
      "correctAnswer": 6,
      "isCorrect": true,
      "timeTaken": 4.4
    },
    {
      "id": 77,
      "timestamp": "2026-01-14T11:42:28.241674",
      "operation": "multiplication",
      "digits": 2,
      "question": "5 × 4",
      "userAnswer": 20,
      "correctAnswer": 20,
      "isCorrect": true,
      "timeTaken": 4.7
    },
    {
      "id": 78,
      "timestamp": "2026-01-15T19:59:28.241674",
      "operation": "addition",
      "digits": 3,
      "question": "80 + 90",
      "userAnswer": 175,
      "correctAnswer": 170,
      "isCorrect": false,
      "timeTaken": 9.5
    },
    {
      "id": 79,
      "timestamp": "2026-01-05T11:24:28.241674",
      "operation": "subtraction",
      "digits": 2,
      "question": "33 - 22",
      "userAnswer": 10,
      "correctAnswer": 11,
      "isCorrect": false,
      "timeTaken": 22.7
    },
    {
      "id": 80,
      "timestamp": "2026-01-01T11:25:28.241674",
      "operation": "addition",
      "digits": 2,
      "question": "86 + 6",
      "userAnswer": 92,
      "correctAnswer": 92,
      "isCorrect": true,
      "timeTaken": 13.4
    },
    {
      "id": 81,
      "timestamp": "2025-12-23T14:44:28.241674",
      "operation": "multiplication",
      "digits": 1,
      "question": "9 × 1",
      "userAnswer": 9,
      "correctAnswer": 9,
      "isCorrect": true,
      "timeTaken": 4.3
    },
    {
      "id": 82,
      "timestamp": "2025-12-26T09:36:28.241674",
      "operation": "division",
      "digits": 2,
      "question": "30 ÷ 3",
      "userAnswer": 10,
      "correctAnswer": 10,
      "isCorrect": true,
      "timeTaken": 4.0
    },
    {
      "id": 83,
      "timestamp": "2025-12-29T11:29:28.241674",
      "operation": "subtraction",
      "digits": 2,
      "question": "80 - 18",
      "userAnswer": 72,
      "correctAnswer": 62,
      "isCorrect": false,
      "timeTaken": 24.4
    },
    {
      "id": 84,
      "timestamp": "2025-12-29T14:57:28.241674",
      "operation": "multiplication",
      "digits": 2,
      "question": "2 × 9",
      "userAnswer": 18,
      "correctAnswer": 18,
      "isCorrect": true,
      "timeTaken": 10.5
    },
    {
      "id": 85,
      "timestamp": "2026-01-15T18:10:28.241674",
      "operation": "addition",
      "digits": 3,
      "question": "85 + 43",
      "userAnswer": 129,
      "correctAnswer": 128,
      "isCorrect": false,
      "timeTaken": 18.5
    },
    {
      "id": 86,
      "timestamp": "2026-01-06T03:47:28.241674",
      "operation": "addition",
      "digits": 2,
      "question": "66 + 3",
      "userAnswer": 69,
      "correctAnswer": 69,
      "isCorrect": true,
      "timeTaken": 14.9
    },
    {
      "id": 87,
      "timestamp": "2025-12-23T11:49:28.241674",
      "operation": "addition",
      "digits": 2,
      "question": "48 + 34",
      "userAnswer": 82,
      "correctAnswer": 82,
      "isCorrect": true,
      "timeTaken": 6.1
    },
    {
      "id": 88,
      "timestamp": "2026-01-21T00:23:28.241674",
      "operation": "multiplication",
      "digits": 2,
      "question": "6 × 2",
      "userAnswer": 12,
      "correctAnswer": 12,
      "isCorrect": true,
      "timeTaken": 2.6
    },
    {
      "id": 89,
      "timestamp": "2026-01-18T07:09:28.241674",
      "operation": "addition",
      "digits": 3,
      "question": "68 + 50",
      "userAnswer": 119,
      "correctAnswer": 118,
      "isCorrect": false,
      "timeTaken": 10.3
    },
    {
      "id": 90,
      "timestamp": "2025-12-24T15:33:28.241674",
      "operation": "subtraction",
      "digits": 2,
      "question": "16 - 9",
      "userAnswer": 17,
      "correctAnswer": 7,
      "isCorrect": false,
      "timeTaken": 16.0
    },
    {
      "id": 91,
      "timestamp": "2026-01-04T23:38:28.241674",
      "operation": "addition",
      "digits": 3,
      "question": "99 + 11",
      "userAnswer": 111,
      "correctAnswer": 110,
      "isCorrect": false,
      "timeTaken": 6.1
    },
    {
      "id": 92,
      "timestamp": "2026-01-06T01:50:28.241674",
      "operation": "addition",
      "digits": 3,
      "question": "87 + 82",
      "userAnswer": 164,
      "correctAnswer": 169,
      "isCorrect": false,
      "timeTaken": 15.0
    },
    {
      "id": 93,
      "timestamp": "2026-01-04T19:20:28.241674",
      "operation": "division",
      "digits": 1,
      "question": "5 ÷ 1",
      "userAnswer": 5,
      "correctAnswer": 5,
      "isCorrect": true,
      "timeTaken": 13.9
    },
    {
      "id": 94,
      "timestamp": "2026-01-07T21:44:28.241674",
      "operation": "subtraction",
      "digits": 2,
      "question": "79 - 44",
      "userAnswer": 35,
      "correctAnswer": 35,
      "isCorrect": true,
      "timeTaken": 14.8
    },
    {
      "id": 95,
      "timestamp": "2025-12-30T09:47:28.241674",
      "operation": "division",
      "digits": 2,
      "question": "36 ÷ 12",
      "userAnswer": 1,
      "correctAnswer": 3,
      "isCorrect": false,
      "timeTaken": 17.0
    },
    {
      "id": 96,
      "timestamp": "2026-01-17T11:28:28.241674",
      "operation": "division",
      "digits": 1,
      "question": "5 ÷ 1",
      "userAnswer": 7,
      "correctAnswer": 5,
      "isCorrect": false,
      "timeTaken": 18.7
    },
    {
      "id": 97,
      "timestamp": "2026-01-18T01:50:28.241674",
      "operation": "division",
      "digits": 2,
      "question": "36 ÷ 9",
      "userAnswer": 4,
      "correctAnswer": 4,
      "isCorrect": true,
      "timeTaken": 14.0
    },
    {
      "id": 98,
      "timestamp": "2026-01-09T15:53:28.241674",
      "operation": "subtraction",
      "digits": 2,
      "question": "43 - 16",
      "userAnswer": 27,
      "correctAnswer": 27,
      "isCorrect": true,
      "timeTaken": 11.7
    },
    {
      "id": 99,
      "timestamp": "2026-01-04T05:10:28.241674",
      "operation": "addition",
      "digits": 2,
      "question": "7 + 64",
      "userAnswer": 71,
      "correctAnswer": 71,
      "isCorrect": true,
      "timeTaken": 12.7
    },
    {
      "id": 100,
      "timestamp": "2026-01-06T05:28:28.241674",
      "operation": "multiplication",
      "digits": 2,
      "question": "5 × 6",
      "userAnswer": 30,
      "correctAnswer": 30,
      "isCorrect": true,
      "timeTaken": 14.9
    },
    {
      "id": 101,
      "timestamp": "2025-12-29T17:10:28.241674",
      "operation": "division",
      "digits": 2,
      "question": "36 ÷ 4",
      "userAnswer": 11,
      "correctAnswer": 9,
      "isCorrect": false,
      "timeTaken": 7.3
    },
    {
      "id": 102,
      "timestamp": "2026-01-08T01:46:28.241674",
      "operation": "addition",
      "digits": 3,
      "question": "58 + 64",
      "userAnswer": 122,
      "correctAnswer": 122,
      "isCorrect": true,
      "timeTaken": 7.7
    },
    {
      "id": 103,
      "timestamp": "2026-01-08T08:07:28.241674",
      "operation": "division",
      "digits": 2,
      "question": "40 ÷ 5",
      "userAnswer": 8,
      "correctAnswer": 8,
      "isCorrect": true,
      "timeTaken": 5.3
    },
    {
      "id": 104,
      "timestamp": "2026-01-11T13:35:28.241674",
      "operation": "subtraction",
      "digits": 2,
      "question": "57 - 25",
      "userAnswer": 33,
      "correctAnswer": 32,
      "isCorrect": false,
      "timeTaken": 17.3
    },
    {
      "id": 105,
      "timestamp": "2026-01-21T14:46:28.241674",
      "operation": "addition",
      "digits": 3,
      "question": "59 + 71",
      "userAnswer": 130,
      "correctAnswer": 130,
      "isCorrect": true,
      "timeTaken": 4.6
    },
    {
      "id": 106,
      "timestamp": "2026-01-01T02:58:28.241674",
      "operation": "addition",
      "digits": 2,
      "question": "12 + 11",
      "userAnswer": 23,
      "correctAnswer": 23,
      "isCorrect": true,
      "timeTaken": 11.0
    },
    {
      "id": 107,
      "timestamp": "2025-12-31T07:35:28.241674",
      "operation": "multiplication",
      "digits": 3,
      "question": "11 × 11",
      "userAnswer": 121,
      "correctAnswer": 121,
      "isCorrect": true,
      "timeTaken": 2.7
    },
    {
      "id": 108,
      "timestamp": "2026-01-11T18:13:28.241674",
      "operation": "multiplication",
      "digits": 2,
      "question": "11 × 2",
      "userAnswer": 21,
      "correctAnswer": 22,
      "isCorrect": false,
      "timeTaken": 12.2
    },
    {
      "id": 109,
      "timestamp": "2025-12-26T10:49:28.241674",
      "operation": "division",
      "digits": 2,
      "question": "33 ÷ 11",
      "userAnswer": 3,
      "correctAnswer": 3,
      "isCorrect": true,
      "timeTaken": 10.9
    },
    {
      "id": 110,
      "timestamp": "2025-12-29T08:19:28.241674",
      "operation": "subtraction",
      "digits": 2,
      "question": "64 - 37",
      "userAnswer": 27,
      "correctAnswer": 27,
      "isCorrect": true,
      "timeTaken": 8.2
    },
    {
      "id": 111,
      "timestamp": "2025-12-24T01:43:28.241674",
      "operation": "addition",
      "digits": 3,
      "question": "72 + 33",
      "userAnswer": 110,
      "correctAnswer": 105,
      "isCorrect": false,
      "timeTaken": 20.5
    },
    {
      "id": 112,
      "timestamp": "2025-12-26T00:15:28.241674",
      "operation": "division",
      "digits": 2,
      "question": "70 ÷ 10",
      "userAnswer": 7,
      "correctAnswer": 7,
      "isCorrect": true,
      "timeTaken": 5.6
    },
    {
      "id": 113,
      "timestamp": "2026-01-07T14:50:28.241674",
      "operation": "multiplication",
      "digits": 2,
      "question": "3 × 12",
      "userAnswer": 36,
      "correctAnswer": 36,
      "isCorrect": true,
      "timeTaken": 7.4
    },
    {
      "id": 114,
      "timestamp": "2026-01-17T14:39:28.241674",
      "operation": "multiplication",
      "digits": 1,
      "question": "1 × 5",
      "userAnswer": 5,
      "correctAnswer": 5,
      "isCorrect": true,
      "timeTaken": 12.0
    },
    {
      "id": 115,
      "timestamp": "2025-12-26T00:37:28.241674",
      "operation": "division",
      "digits": 2,
      "question": "40 ÷ 8",
      "userAnswer": 5,
      "correctAnswer": 5,
      "isCorrect": true,
      "timeTaken": 4.1
    },
    {
      "id": 116,
      "timestamp": "2026-01-06T22:19:28.241674",
      "operation": "division",
      "digits": 3,
      "question": "144 ÷ 12",
      "userAnswer": 12,
      "correctAnswer": 12,
      "isCorrect": true,
      "timeTaken": 6.2
    },
    {
      "id": 117,
      "timestamp": "2025-12-29T16:56:28.241674",
      "operation": "multiplication",
      "digits": 2,
      "question": "4 × 8",
      "userAnswer": 36,
      "correctAnswer": 32,
      "isCorrect": false,
      "timeTaken": 19.8
    },
    {
      "id": 118,
      "timestamp": "2026-01-06T23:59:28.241674",
      "operation": "addition",
      "digits": 3,
      "question": "98 + 54",
      "userAnswer": 151,
      "correctAnswer": 152,
      "isCorrect": false,
      "timeTaken": 10.8
    },
    {
      "id": 119,
      "timestamp": "2025-12-29T19:08:28.241674",
      "operation": "division",
      "digits": 1,
      "question": "8 ÷ 2",
      "userAnswer": 4,
      "correctAnswer": 4,
      "isCorrect": true,
      "timeTaken": 14.8
    },
    {
      "id": 120,
      "timestamp": "2025-12-27T00:41:28.241674",
      "operation": "multiplication",
      "digits": 2,
      "question": "6 × 2",
      "userAnswer": 12,
      "correctAnswer": 12,
      "isCorrect": true,
      "timeTaken": 10.2
    },
    {
      "id": 121,
      "timestamp": "2025-12-25T13:46:28.241674",
      "operation": "multiplication",
      "digits": 2,
      "question": "8 × 9",
      "userAnswer": 72,
      "correctAnswer": 72,
      "isCorrect": true,
      "timeTaken": 7.2
    },
    {
      "id": 122,
      "timestamp": "2026-01-06T12:58:28.241674",
      "operation": "division",
      "digits": 3,
      "question": "108 ÷ 9",
      "userAnswer": 12,
      "correctAnswer": 12,
      "isCorrect": true,
      "timeTaken": 14.1
    },
    {
      "id": 123,
      "timestamp": "2026-01-16T08:18:28.241674",
      "operation": "addition",
      "digits": 2,
      "question": "33 + 48",
      "userAnswer": 82,
      "correctAnswer": 81,
      "isCorrect": false,
      "timeTaken": 5.7
    },
    {
      "id": 124,
      "timestamp": "2026-01-15T00:39:28.241674",
      "operation": "multiplication",
      "digits": 3,
      "question": "9 × 12",
      "userAnswer": 107,
      "correctAnswer": 108,
      "isCorrect": false,
      "timeTaken": 18.9
    },
    {
      "id": 125,
      "timestamp": "2025-12-29T09:36:28.241674",
      "operation": "multiplication",
      "digits": 2,
      "question": "5 × 6",
      "userAnswer": 30,
      "correctAnswer": 30,
      "isCorrect": true,
      "timeTaken": 12.4
    },
    {
      "id": 126,
      "timestamp": "2025-12-27T19:33:28.241674",
      "operation": "subtraction",
      "digits": 2,
      "question": "61 - 37",
      "userAnswer": 24,
      "correctAnswer": 24,
      "isCorrect": true,
      "timeTaken": 6.8
    },
    {
      "id": 127,
      "timestamp": "2026-01-13T03:06:28.241674",
      "operation": "subtraction",
      "digits": 2,
      "question": "36 - 12",
      "userAnswer": 24,
      "correctAnswer": 24,
      "isCorrect": true,
      "timeTaken": 6.1
    },
    {
      "id": 128,
      "timestamp": "2026-01-04T21:19:28.241674",
      "operation": "subtraction",
      "digits": 2,
      "question": "23 - 12",
      "userAnswer": 12,
      "correctAnswer": 11,
      "isCorrect": false,
      "timeTaken": 10.1
    },
    {
      "id": 129,
      "timestamp": "2026-01-09T06:17:28.241674",
      "operation": "division",
      "digits": 2,
      "question": "96 ÷ 12",
      "userAnswer": 8,
      "correctAnswer": 8,
      "isCorrect": true,
      "timeTaken": 13.3
    },
    {
      "id": 130,
      "timestamp": "2026-01-20T18:04:28.241674",
      "operation": "addition",
      "digits": 2,
      "question": "37 + 31",
      "userAnswer": 68,
      "correctAnswer": 68,
      "isCorrect": true,
      "timeTaken": 4.2
    },
    {
      "id": 131,
      "timestamp": "2026-01-21T03:49:28.241674",
      "operation": "addition",
      "digits": 3,
      "question": "40 + 70",
      "userAnswer": 110,
      "correctAnswer": 110,
      "isCorrect": true,
      "timeTaken": 9.3
    },
    {
      "id": 132,
      "timestamp": "2026-01-10T17:13:28.241674",
      "operation": "addition",
      "digits": 3,
      "question": "94 + 50",
      "userAnswer": 144,
      "correctAnswer": 144,
      "isCorrect": true,
      "timeTaken": 11.1
    },
    {
      "id": 133,
      "timestamp": "2025-12-22T19:49:28.241674",
      "operation": "subtraction",
      "digits": 2,
      "question": "84 - 70",
      "userAnswer": 14,
      "correctAnswer": 14,
      "isCorrect": true,
      "timeTaken": 8.5
    },
    {
      "id": 134,
      "timestamp": "2026-01-02T15:20:28.241674",
      "operation": "division",
      "digits": 2,
      "question": "10 ÷ 1",
      "userAnswer": 10,
      "correctAnswer": 10,
      "isCorrect": true,
      "timeTaken": 2.7
    },
    {
      "id": 135,
      "timestamp": "2025-12-24T14:37:28.241674",
      "operation": "division",
      "digits": 2,
      "question": "60 ÷ 6",
      "userAnswer": 12,
      "correctAnswer": 10,
      "isCorrect": false,
      "timeTaken": 22.7
    },
    {
      "id": 136,
      "timestamp": "2025-12-28T20:12:28.241674",
      "operation": "subtraction",
      "digits": 2,
      "question": "78 - 37",
      "userAnswer": 42,
      "correctAnswer": 41,
      "isCorrect": false,
      "timeTaken": 6.3
    },
    {
      "id": 137,
      "timestamp": "2025-12-30T20:10:28.241674",
      "operation": "multiplication",
      "digits": 2,
      "question": "8 × 12",
      "userAnswer": 96,
      "correctAnswer": 96,
      "isCorrect": true,
      "timeTaken": 11.4
    },
    {
      "id": 138,
      "timestamp": "2026-01-08T00:56:28.241674",
      "operation": "multiplication",
      "digits": 1,
      "question": "2 × 4",
      "userAnswer": 8,
      "correctAnswer": 8,
      "isCorrect": true,
      "timeTaken": 5.8
    },
    {
      "id": 139,
      "timestamp": "2026-01-11T12:45:28.241674",
      "operation": "division",
      "digits": 1,
      "question": "1 ÷ 1",
      "userAnswer": -1,
      "correctAnswer": 1,
      "isCorrect": false,
      "timeTaken": 7.6
    },
    {
      "id": 140,
      "timestamp": "2026-01-06T02:53:28.241674",
      "operation": "subtraction",
      "digits": 2,
      "question": "13 - 10",
      "userAnswer": 3,
      "correctAnswer": 3,
      "isCorrect": true,
      "timeTaken": 11.5
    },
    {
      "id": 141,
      "timestamp": "2025-12-22T19:35:28.241674",
      "operation": "subtraction",
      "digits": 2,
      "question": "86 - 23",
      "userAnswer": 64,
      "correctAnswer": 63,
      "isCorrect": false,
      "timeTaken": 20.9
    },
    {
      "id": 142,
      "timestamp": "2026-01-12T17:10:28.241674",
      "operation": "subtraction",
      "digits": 2,
      "question": "80 - 9",
      "userAnswer": 71,
      "correctAnswer": 71,
      "isCorrect": true,
      "timeTaken": 13.8
    },
    {
      "id": 143,
      "timestamp": "2025-12-24T02:05:28.241674",
      "operation": "subtraction",
      "digits": 2,
      "question": "48 - 44",
      "userAnswer": 5,
      "correctAnswer": 4,
      "isCorrect": false,
      "timeTaken": 12.5
    },
    {
      "id": 144,
      "timestamp": "2025-12-24T07:10:28.241674",
      "operation": "subtraction",
      "digits": 2,
      "question": "36 - 1",
      "userAnswer": 35,
      "correctAnswer": 35,
      "isCorrect": true,
      "timeTaken": 13.9
    },
    {
      "id": 145,
      "timestamp": "2026-01-08T20:16:28.241674",
      "operation": "subtraction",
      "digits": 2,
      "question": "46 - 15",
      "userAnswer": 31,
      "correctAnswer": 31,
      "isCorrect": true,
      "timeTaken": 12.1
    },
    {
      "id": 146,
      "timestamp": "2026-01-19T09:37:28.241674",
      "operation": "subtraction",
      "digits": 2,
      "question": "86 - 49",
      "userAnswer": 37,
      "correctAnswer": 37,
      "isCorrect": true,
      "timeTaken": 7.9
    },
    {
      "id": 147,
      "timestamp": "2026-01-22T08:40:28.241674",
      "operation": "multiplication",
      "digits": 2,
      "question": "11 × 2",
      "userAnswer": 22,
      "correctAnswer": 22,
      "isCorrect": true,
      "timeTaken": 4.5
    },
    {
      "id": 148,
      "timestamp": "2026-01-15T02:26:28.241674",
      "operation": "division",
      "digits": 3,
      "question": "120 ÷ 10",
      "userAnswer": 13,
      "correctAnswer": 12,
      "isCorrect": false,
      "timeTaken": 19.1
    },
    {
      "id": 149,
      "timestamp": "2025-12-30T07:57:28.241674",
      "operation": "division",
      "digits": 2,
      "question": "48 ÷ 8",
      "userAnswer": 8,
      "correctAnswer": 6,
      "isCorrect": false,
      "timeTaken": 10.1
    },
    {
      "id": 150,
      "timestamp": "2026-01-07T07:24:28.241674",
      "operation": "multiplication",
      "digits": 3,
      "question": "11 × 12",
      "userAnswer": 144,
      "correctAnswer": 132,
      "isCorrect": false,
      "timeTaken": 8.6
    },
    {
      "id": 151,
      "timestamp": "2025-12-24T04:14:28.241674",
      "operation": "addition",
      "digits": 2,
      "question": "30 + 46",
      "userAnswer": 76,
      "correctAnswer": 76,
      "isCorrect": true,
      "timeTaken": 13.4
    },
    {
      "id": 152,
      "timestamp": "2026-01-05T16:14:28.241674",
      "operation": "division",
      "digits": 2,
      "question": "55 ÷ 5",
      "userAnswer": 11,
      "correctAnswer": 11,
      "isCorrect": true,
      "timeTaken": 7.8
    },
    {
      "id": 153,
      "timestamp": "2025-12-26T20:44:28.241674",
      "operation": "subtraction",
      "digits": 2,
      "question": "57 - 21",
      "userAnswer": 36,
      "correctAnswer": 36,
      "isCorrect": true,
      "timeTaken": 8.2
    },
    {
      "id": 154,
      "timestamp": "2025-12-29T00:18:28.241674",
      "operation": "subtraction",
      "digits": 2,
      "question": "46 - 32",
      "userAnswer": 14,
      "correctAnswer": 14,
      "isCorrect": true,
      "timeTaken": 14.9
    },
    {
      "id": 155,
      "timestamp": "2026-01-22T03:03:28.241674",
      "operation": "division",
      "digits": 2,
      "question": "33 ÷ 11",
      "userAnswer": 3,
      "correctAnswer": 3,
      "isCorrect": true,
      "timeTaken": 8.8
    },
    {
      "id": 156,
      "timestamp": "2026-01-19T03:39:28.241674",
      "operation": "division",
      "digits": 2,
      "question": "84 ÷ 7",
      "userAnswer": 12,
      "correctAnswer": 12,
      "isCorrect": true,
      "timeTaken": 5.7
    },
    {
      "id": 157,
      "timestamp": "2026-01-11T16:42:28.241674",
      "operation": "division",
      "digits": 2,
      "question": "36 ÷ 3",
      "userAnswer": 11,
      "correctAnswer": 12,
      "isCorrect": false,
      "timeTaken": 21.1
    },
    {
      "id": 158,
      "timestamp": "2025-12-26T02:26:28.241674",
      "operation": "multiplication",
      "digits": 3,
      "question": "11 × 10",
      "userAnswer": 110,
      "correctAnswer": 110,
      "isCorrect": true,
      "timeTaken": 7.5
    },
    {
      "id": 159,
      "timestamp": "2026-01-21T05:36:28.241674",
      "operation": "division",
      "digits": 3,
      "question": "144 ÷ 12",
      "userAnswer": 12,
      "correctAnswer": 12,
      "isCorrect": true,
      "timeTaken": 12.8
    },
    {
      "id": 160,
      "timestamp": "2026-01-17T06:04:28.241674",
      "operation": "addition",
      "digits": 2,
      "question": "34 + 7",
      "userAnswer": 36,
      "correctAnswer": 41,
      "isCorrect": false,
      "timeTaken": 21.7
    },
    {
      "id": 161,
      "timestamp": "2026-01-12T00:27:28.241674",
      "operation": "addition",
      "digits": 3,
      "question": "76 + 98",
      "userAnswer": 174,
      "correctAnswer": 174,
      "isCorrect": true,
      "timeTaken": 2.8
    },
    {
      "id": 162,
      "timestamp": "2026-01-22T12:41:28.241674",
      "operation": "multiplication",
      "digits": 1,
      "question": "1 × 6",
      "userAnswer": 7,
      "correctAnswer": 6,
      "isCorrect": false,
      "timeTaken": 20.1
    },
    {
      "id": 163,
      "timestamp": "2025-12-24T01:53:28.241674",
      "operation": "subtraction",
      "digits": 2,
      "question": "55 - 52",
      "userAnswer": 3,
      "correctAnswer": 3,
      "isCorrect": true,
      "timeTaken": 10.4
    },
    {
      "id": 164,
      "timestamp": "2026-01-12T03:59:28.241674",
      "operation": "multiplication",
      "digits": 2,
      "question": "3 × 11",
      "userAnswer": 36,
      "correctAnswer": 33,
      "isCorrect": false,
      "timeTaken": 16.0
    },
    {
      "id": 165,
      "timestamp": "2026-01-19T02:22:28.241674",
      "operation": "division",
      "digits": 2,
      "question": "30 ÷ 5",
      "userAnswer": 6,
      "correctAnswer": 6,
      "isCorrect": true,
      "timeTaken": 14.7
    },
    {
      "id": 166,
      "timestamp": "2026-01-10T05:31:28.241674",
      "operation": "addition",
      "digits": 2,
      "question": "5 + 6",
      "userAnswer": 11,
      "correctAnswer": 11,
      "isCorrect": true,
      "timeTaken": 2.1
    },
    {
      "id": 167,
      "timestamp": "2026-01-15T16:28:28.241674",
      "operation": "multiplication",
      "digits": 2,
      "question": "11 × 1",
      "userAnswer": 11,
      "correctAnswer": 11,
      "isCorrect": true,
      "timeTaken": 14.2
    },
    {
      "id": 168,
      "timestamp": "2026-01-19T10:21:28.241674",
      "operation": "subtraction",
      "digits": 2,
      "question": "41 - 14",
      "userAnswer": 27,
      "correctAnswer": 27,
      "isCorrect": true,
      "timeTaken": 3.1
    },
    {
      "id": 169,
      "timestamp": "2025-12-28T12:09:28.241674",
      "operation": "division",
      "digits": 2,
      "question": "28 ÷ 4",
      "userAnswer": 7,
      "correctAnswer": 7,
      "isCorrect": true,
      "timeTaken": 12.2
    },
    {
      "id": 170,
      "timestamp": "2026-01-03T15:38:28.241674",
      "operation": "subtraction",
      "digits": 2,
      "question": "94 - 74",
      "userAnswer": 20,
      "correctAnswer": 20,
      "isCorrect": true,
      "timeTaken": 3.3
    },
    {
      "id": 171,
      "timestamp": "2026-01-09T20:21:28.241674",
      "operation": "subtraction",
      "digits": 2,
      "question": "59 - 24",
      "userAnswer": 36,
      "correctAnswer": 35,
      "isCorrect": false,
      "timeTaken": 10.6
    },
    {
      "id": 172,
      "timestamp": "2026-01-07T11:46:28.241674",
      "operation": "subtraction",
      "digits": 2,
      "question": "49 - 31",
      "userAnswer": 18,
      "correctAnswer": 18,
      "isCorrect": true,
      "timeTaken": 11.3
    },
    {
      "id": 173,
      "timestamp": "2025-12-30T21:44:28.241674",
      "operation": "multiplication",
      "digits": 2,
      "question": "12 × 1",
      "userAnswer": 12,
      "correctAnswer": 12,
      "isCorrect": true,
      "timeTaken": 5.6
    },
    {
      "id": 174,
      "timestamp": "2026-01-17T03:35:28.241674",
      "operation": "multiplication",
      "digits": 1,
      "question": "4 × 2",
      "userAnswer": 8,
      "correctAnswer": 8,
      "isCorrect": true,
      "timeTaken": 6.0
    },
    {
      "id": 175,
      "timestamp": "2025-12-31T01:13:28.241674",
      "operation": "division",
      "digits": 2,
      "question": "80 ÷ 10",
      "userAnswer": 8,
      "correctAnswer": 8,
      "isCorrect": true,
      "timeTaken": 6.5
    },
    {
      "id": 176,
      "timestamp": "2025-12-29T08:37:28.241674",
      "operation": "subtraction",
      "digits": 2,
      "question": "58 - 31",
      "userAnswer": 27,
      "correctAnswer": 27,
      "isCorrect": true,
      "timeTaken": 10.4
    },
    {
      "id": 177,
      "timestamp": "2025-12-29T01:00:28.241674",
      "operation": "division",
      "digits": 2,
      "question": "24 ÷ 8",
      "userAnswer": 1,
      "correctAnswer": 3,
      "isCorrect": false,
      "timeTaken": 23.3
    },
    {
      "id": 178,
      "timestamp": "2026-01-16T05:56:28.241674",
      "operation": "subtraction",
      "digits": 2,
      "question": "72 - 41",
      "userAnswer": 31,
      "correctAnswer": 31,
      "isCorrect": true,
      "timeTaken": 8.6
    },
    {
      "id": 179,
      "timestamp": "2026-01-08T07:16:28.241674",
      "operation": "multiplication",
      "digits": 1,
      "question": "1 × 9",
      "userAnswer": 9,
      "correctAnswer": 9,
      "isCorrect": true,
      "timeTaken": 13.2
    },
    {
      "id": 180,
      "timestamp": "2025-12-27T18:31:28.241674",
      "operation": "addition",
      "digits": 2,
      "question": "7 + 29",
      "userAnswer": 36,
      "correctAnswer": 36,
      "isCorrect": true,
      "timeTaken": 8.3
    },
    {
      "id": 181,
      "timestamp": "2026-01-08T12:09:28.241674",
      "operation": "addition",
      "digits": 2,
      "question": "33 + 42",
      "userAnswer": 75,
      "correctAnswer": 75,
      "isCorrect": true,
      "timeTaken": 7.4
    },
    {
      "id": 182,
      "timestamp": "2026-01-13T05:40:28.241674",
      "operation": "addition",
      "digits": 1,
      "question": "2 + 3",
      "userAnswer": 5,
      "correctAnswer": 5,
      "isCorrect": true,
      "timeTaken": 11.3
    },
    {
      "id": 183,
      "timestamp": "2026-01-20T20:44:28.241674",
      "operation": "subtraction",
      "digits": 2,
      "question": "41 - 12",
      "userAnswer": 29,
      "correctAnswer": 29,
      "isCorrect": true,
      "timeTaken": 6.7
    },
    {
      "id": 184,
      "timestamp": "2026-01-09T05:50:28.241674",
      "operation": "subtraction",
      "digits": 2,
      "question": "74 - 16",
      "userAnswer": 58,
      "correctAnswer": 58,
      "isCorrect": true,
      "timeTaken": 6.2
    },
    {
      "id": 185,
      "timestamp": "2026-01-10T11:32:28.241674",
      "operation": "division",
      "digits": 2,
      "question": "72 ÷ 12",
      "userAnswer": 6,
      "correctAnswer": 6,
      "isCorrect": true,
      "timeTaken": 9.2
    },
    {
      "id": 186,
      "timestamp": "2025-12-23T21:21:28.241674",
      "operation": "division",
      "digits": 2,
      "question": "40 ÷ 5",
      "userAnswer": 8,
      "correctAnswer": 8,
      "isCorrect": true,
      "timeTaken": 8.5
    },
    {
      "id": 187,
      "timestamp": "2026-01-20T21:41:28.241674",
      "operation": "division",
      "digits": 2,
      "question": "80 ÷ 10",
      "userAnswer": 9,
      "correctAnswer": 8,
      "isCorrect": false,
      "timeTaken": 7.8
    },
    {
      "id": 188,
      "timestamp": "2026-01-11T20:54:28.241674",
      "operation": "addition",
      "digits": 2,
      "question": "21 + 72",
      "userAnswer": 93,
      "correctAnswer": 93,
      "isCorrect": true,
      "timeTaken": 5.5
    },
    {
      "id": 189,
      "timestamp": "2026-01-21T04:39:28.241674",
      "operation": "addition",
      "digits": 3,
      "question": "39 + 69",
      "userAnswer": 108,
      "correctAnswer": 108,
      "isCorrect": true,
      "timeTaken": 7.1
    },
    {
      "id": 190,
      "timestamp": "2026-01-09T08:41:28.241674",
      "operation": "addition",
      "digits": 2,
      "question": "54 + 3",
      "userAnswer": 57,
      "correctAnswer": 57,
      "isCorrect": true,
      "timeTaken": 8.4
    },
    {
      "id": 191,
      "timestamp": "2025-12-26T15:43:28.241674",
      "operation": "multiplication",
      "digits": 2,
      "question": "12 × 8",
      "userAnswer": 96,
      "correctAnswer": 96,
      "isCorrect": true,
      "timeTaken": 14.6
    },
    {
      "id": 192,
      "timestamp": "2026-01-10T12:27:28.241674",
      "operation": "multiplication",
      "digits": 2,
      "question": "8 × 10",
      "userAnswer": 80,
      "correctAnswer": 80,
      "isCorrect": true,
      "timeTaken": 8.0
    },
    {
      "id": 193,
      "timestamp": "2025-12-24T00:06:28.241674",
      "operation": "addition",
      "digits": 3,
      "question": "96 + 50",
      "userAnswer": 146,
      "correctAnswer": 146,
      "isCorrect": true,
      "timeTaken": 2.2
    },
    {
      "id": 194,
      "timestamp": "2025-12-27T03:06:28.241674",
      "operation": "addition",
      "digits": 3,
      "question": "72 + 98",
      "userAnswer": 170,
      "correctAnswer": 170,
      "isCorrect": true,
      "timeTaken": 13.8
    },
    {
      "id": 195,
      "timestamp": "2026-01-18T00:59:28.241674",
      "operation": "multiplication",
      "digits": 2,
      "question": "8 × 6",
      "userAnswer": 48,
      "correctAnswer": 48,
      "isCorrect": true,
      "timeTaken": 7.3
    },
    {
      "id": 196,
      "timestamp": "2026-01-20T07:46:28.241674",
      "operation": "addition",
      "digits": 2,
      "question": "37 + 2",
      "userAnswer": 39,
      "correctAnswer": 39,
      "isCorrect": true,
      "timeTaken": 4.4
    },
    {
      "id": 197,
      "timestamp": "2026-01-17T13:50:28.241674",
      "operation": "multiplication",
      "digits": 2,
      "question": "7 × 12",
      "userAnswer": 85,
      "correctAnswer": 84,
      "isCorrect": false,
      "timeTaken": 23.6
    },
    {
      "id": 198,
      "timestamp": "2026-01-21T07:21:28.241674",
      "operation": "multiplication",
      "digits": 1,
      "question": "3 × 1",
      "userAnswer": 3,
      "correctAnswer": 3,
      "isCorrect": true,
      "timeTaken": 6.6
    },
    {
      "id": 199,
      "timestamp": "2026-01-20T16:40:28.241674",
      "operation": "subtraction",
      "digits": 2,
      "question": "97 - 41",
      "userAnswer": 56,
      "correctAnswer": 56,
      "isCorrect": true,
      "timeTaken": 9.4
    },
    {
      "id": 200,
      "timestamp": "2026-01-03T01:22:28.241674",
      "operation": "division",
      "digits": 2,
      "question": "88 ÷ 8",
      "userAnswer": 11,
      "correctAnswer": 11,
      "isCorrect": true,
      "timeTaken": 12.0
    },
    {
      "id": 201,
      "timestamp": "2026-01-17T23:51:28.241674",
      "operation": "addition",
      "digits": 2,
      "question": "26 + 54",
      "userAnswer": 81,
      "correctAnswer": 80,
      "isCorrect": false,
      "timeTaken": 16.5
    },
    {
      "id": 202,
      "timestamp": "2026-01-06T15:54:28.241674",
      "operation": "addition",
      "digits": 3,
      "question": "91 + 98",
      "userAnswer": 189,
      "correctAnswer": 189,
      "isCorrect": true,
      "timeTaken": 11.9
    },
    {
      "id": 203,
      "timestamp": "2026-01-07T11:04:28.241674",
      "operation": "division",
      "digits": 2,
      "question": "18 ÷ 3",
      "userAnswer": 8,
      "correctAnswer": 6,
      "isCorrect": false,
      "timeTaken": 8.8
    },
    {
      "id": 204,
      "timestamp": "2026-01-13T23:49:28.241674",
      "operation": "addition",
      "digits": 2,
      "question": "24 + 28",
      "userAnswer": 52,
      "correctAnswer": 52,
      "isCorrect": true,
      "timeTaken": 2.7
    },
    {
      "id": 205,
      "timestamp": "2025-12-31T11:14:28.241674",
      "operation": "division",
      "digits": 2,
      "question": "84 ÷ 7",
      "userAnswer": 13,
      "correctAnswer": 12,
      "isCorrect": false,
      "timeTaken": 19.3
    },
    {
      "id": 206,
      "timestamp": "2026-01-17T05:18:28.241674",
      "operation": "multiplication",
      "digits": 2,
      "question": "6 × 11",
      "userAnswer": 66,
      "correctAnswer": 66,
      "isCorrect": true,
      "timeTaken": 12.5
    },
    {
      "id": 207,
      "timestamp": "2025-12-30T06:53:28.241674",
      "operation": "division",
      "digits": 2,
      "question": "49 ÷ 7",
      "userAnswer": 6,
      "correctAnswer": 7,
      "isCorrect": false,
      "timeTaken": 6.4
    },
    {
      "id": 208,
      "timestamp": "2026-01-09T12:13:28.241674",
      "operation": "division",
      "digits": 3,
      "question": "132 ÷ 11",
      "userAnswer": 12,
      "correctAnswer": 12,
      "isCorrect": true,
      "timeTaken": 3.4
    },
    {
      "id": 209,
      "timestamp": "2026-01-03T04:45:28.241674",
      "operation": "subtraction",
      "digits": 2,
      "question": "89 - 71",
      "userAnswer": 19,
      "correctAnswer": 18,
      "isCorrect": false,
      "timeTaken": 5.8
    },
    {
      "id": 210,
      "timestamp": "2026-01-02T05:14:28.241674",
      "operation": "multiplication",
      "digits": 2,
      "question": "9 × 3",
      "userAnswer": 27,
      "correctAnswer": 27,
      "isCorrect": true,
      "timeTaken": 7.5
    },
    {
      "id": 211,
      "timestamp": "2026-01-21T00:59:28.241674",
      "operation": "multiplication",
      "digits": 2,
      "question": "11 × 4",
      "userAnswer": 44,
      "correctAnswer": 44,
      "isCorrect": true,
      "timeTaken": 14.5
    },
    {
      "id": 212,
      "timestamp": "2026-01-10T12:34:28.241674",
      "operation": "division",
      "digits": 2,
      "question": "30 ÷ 6",
      "userAnswer": 5,
      "correctAnswer": 5,
      "isCorrect": true,
      "timeTaken": 6.7
    },
    {
      "id": 213,
      "timestamp": "2026-01-08T20:15:28.241674",
      "operation": "addition",
      "digits": 3,
      "question": "33 + 95",
      "userAnswer": 128,
      "correctAnswer": 128,
      "isCorrect": true,
      "timeTaken": 10.1
    },
    {
      "id": 214,
      "timestamp": "2025-12-29T07:59:28.241674",
      "operation": "division",
      "digits": 2,
      "question": "12 ÷ 6",
      "userAnswer": 0,
      "correctAnswer": 2,
      "isCorrect": false,
      "timeTaken": 11.8
    },
    {
      "id": 215,
      "timestamp": "2025-12-25T06:58:28.241674",
      "operation": "division",
      "digits": 2,
      "question": "10 ÷ 2",
      "userAnswer": 3,
      "correctAnswer": 5,
      "isCorrect": false,
      "timeTaken": 12.2
    },
    {
      "id": 216,
      "operation": "addition",
      "digits": 2,
      "question": "13 + 12",
      "num1": 13,
      "num2": 12,
      "userAnswer": 25,
      "correctAnswer": 25,
      "isCorrect": true,
      "timeTaken": 6.927,
      "timestamp": "2026-01-23T17:33:41.857Z"
    },
    {
      "id": 217,
      "operation": "addition",
      "digits": 2,
      "question": "13 + 12",
      "num1": 13,
      "num2": 12,
      "userAnswer": 25,
      "correctAnswer": 25,
      "isCorrect": true,
      "timeTaken": 6.927,
      "timestamp": "2026-01-23T17:33:41.857Z"
    },
    {
      "id": 218,
      "operation": "addition",
      "digits": 2,
      "question": "21 + 32",
      "num1": 21,
      "num2": 32,
      "userAnswer": 33,
      "correctAnswer": 53,
      "isCorrect": false,
      "timeTaken": 4.268,
      "timestamp": "2026-01-23T17:33:50.617Z"
    }
  ],
  "lastSaved": "2026-01-23T23:03:50.619144",
  "totalAttempts": 218
}