{
    "lastUpdated": "2026-01-21T08:13:02.870985",
    "completions": [
        {
            "levelId": 1,
            "starsEarned": 3,
            "correctAnswers": 5,
            "totalQuestions": 5,
            "bestAccuracy": 100,
            "bestTime": 24.393,
            "completionDate": "2026-01-14T00:22:44.369521",
            "isNewRecord": false
        },
        {
            "levelId": 2,
            "starsEarned": 3,
            "correctAnswers": 10,
            "totalQuestions": 10,
            "bestAccuracy": 100,
            "bestTime": 18.087999999999997,
            "completionDate": "2026-01-21T08:08:22.934110",
            "isNewRecord": true
        },
        {
            "levelId": 3,
            "starsEarned": 3,
            "correctAnswers": 10,
            "totalQuestions": 10,
            "bestAccuracy": 100,
            "bestTime": 24.707,
            "completionDate": "2026-01-14T10:29:44.754040",
            "isNewRecord": true
        },
        {
            "levelId": 4,
            "starsEarned": 3,
            "correctAnswers": 10,
            "totalQuestions": 10,
            "bestAccuracy": 100,
            "bestTime": 18.174,
            "completionDate": "2026-01-21T08:13:02.870973",
            "isNewRecord": true
        }
    ]
}