[
  {
    "id": "session_1769189202046_ohcnav842",
    "startTime": 1769189202046,
    "endTime": 1769189208435,
    "operation": "addition",
    "digits": 2,
    "isAdaptive": true,
    "questionsAttempted": 0,
    "questionsCorrect": 0,
    "totalTime": 6389,
    "averageTime": 0,
    "streak": 0,
    "bestStreak": 0,
    "weaknesses": [],
    "improvements": [],
    "sessionStatus": "completed",
    "pauseCount": 0,
    "totalPauseTime": 0,
    "accuracy": 0,
    "timePerQuestion": [],
    "difficultyProgression": [],
    "performanceRating": "needs_improvement",
    "speedRating": "very_fast"
  },
  {
    "id": "session_1769189202046_ohcnav842",
    "startTime": 1769189202046,
    "endTime": 1769189208435,
    "operation": "addition",
    "digits": 2,
    "isAdaptive": true,
    "questionsAttempted": 0,
    "questionsCorrect": 0,
    "totalTime": 6389,
    "averageTime": 0,
    "streak": 0,
    "bestStreak": 0,
    "weaknesses": [],
    "improvements": [],
    "sessionStatus": "completed",
    "pauseCount": 0,
    "totalPauseTime": 0,
    "accuracy": 0,
    "timePerQuestion": [],
    "difficultyProgression": [],
    "performanceRating": "needs_improvement",
    "speedRating": "very_fast"
  },
  {
    "id": "session_1769189614816_40bhq02is",
    "startTime": 1769189614816,
    "endTime": 1769189638166,
    "operation": "addition",
    "digits": 2,
    "isAdaptive": true,
    "questionsAttempted": 2,
    "questionsCorrect": 1,
    "totalTime": 23350,
    "averageTime": 5.5975,
    "streak": 0,
    "bestStreak": 1,
    "weaknesses": [
      {
        "operation": "addition",
        "userAnswer": 33,
        "correctAnswer": 53,
        "timeTaken": 4.268,
        "timestamp": "2026-01-23T17:33:50.617Z"
      }
    ],
    "improvements": [
      {
        "operation": "addition",
        "timeTaken": 6.927,
        "timestamp": "2026-01-23T17:33:41.857Z"
      }
    ],
    "sessionStatus": "completed",
    "pauseCount": 0,
    "totalPauseTime": 0,
    "accuracy": 50,
    "timePerQuestion": [
      6.927,
      4.268
    ],
    "difficultyProgression": [],
    "performanceRating": "needs_improvement",
    "speedRating": "normal"
  },
  {
    "id": "session_1769216508286_78do859dz",
    "startTime": 1769216508286,
    "endTime": 1769216516242,
    "operation": "addition",
    "digits": 2,
    "isAdaptive": true,
    "questionsAttempted": 0,
    "questionsCorrect": 0,
    "totalTime": 7956,
    "averageTime": 0,
    "streak": 0,
    "bestStreak": 0,
    "weaknesses": [],
    "improvements": [],
    "sessionStatus": "completed",
    "pauseCount": 0,
    "totalPauseTime": 0,
    "accuracy": 0,
    "timePerQuestion": [],
    "difficultyProgression": [],
    "performanceRating": "needs_improvement",
    "speedRating": "very_fast"
  },
  {
    "id": "session_1769216508286_78do859dz",
    "startTime": 1769216508286,
    "endTime": 1769216516242,
    "operation": "addition",
    "digits": 2,
    "isAdaptive": true,
    "questionsAttempted": 0,
    "questionsCorrect": 0,
    "totalTime": 7956,
    "averageTime": 0,
    "streak": 0,
    "bestStreak": 0,
    "weaknesses": [],
    "improvements": [],
    "sessionStatus": "completed",
    "pauseCount": 0,
    "totalPauseTime": 0,
    "accuracy": 0,
    "timePerQuestion": [],
    "difficultyProgression": [],
    "performanceRating": "needs_improvement",
    "speedRating": "very_fast"
  },
  {
    "id": "session_1769217258841_nbdat9lrw",
    "startTime": 1769217258841,
    "endTime": 1769217263269,
    "operation": "addition",
    "digits": 2,
    "isAdaptive": true,
    "questionsAttempted": 0,
    "questionsCorrect": 0,
    "totalTime": 4428,
    "averageTime": 0,
    "streak": 0,
    "bestStreak": 0,
    "weaknesses": [],
    "improvements": [],
    "sessionStatus": "completed",
    "pauseCount": 0,
    "totalPauseTime": 0,
    "accuracy": 0,
    "timePerQuestion": [],
    "difficultyProgression": [],
    "performanceRating": "needs_improvement",
    "speedRating": "very_fast"
  },
  {
    "id": "session_1769216508286_78do859dz",
    "startTime": 1769216508286,
    "endTime": 1769216516242,
    "operation": "addition",
    "digits": 2,
    "isAdaptive": true,
    "questionsAttempted": 0,
    "questionsCorrect": 0,
    "totalTime": 7956,
    "averageTime": 0,
    "streak": 0,
    "bestStreak": 0,
    "weaknesses": [],
    "improvements": [],
    "sessionStatus": "completed",
    "pauseCount": 0,
    "totalPauseTime": 0,
    "accuracy": 0,
    "timePerQuestion": [],
    "difficultyProgression": [],
    "performanceRating": "needs_improvement",
    "speedRating": "very_fast"
  },
  {
    "id": "session_1769217258841_nbdat9lrw",
    "startTime": 1769217258841,
    "endTime": 1769217263269,
    "operation": "addition",
    "digits": 2,
    "isAdaptive": true,
    "questionsAttempted": 0,
    "questionsCorrect": 0,
    "totalTime": 4428,
    "averageTime": 0,
    "streak": 0,
    "bestStreak": 0,
    "weaknesses": [],
    "improvements": [],
    "sessionStatus": "completed",
    "pauseCount": 0,
    "totalPauseTime": 0,
    "accuracy": 0,
    "timePerQuestion": [],
    "difficultyProgression": [],
    "performanceRating": "needs_improvement",
    "speedRating": "very_fast"
  },
  {
    "id": "session_1769217274136_prl3j1cog",
    "startTime": 1769217274136,
    "endTime": 1769217358114,
    "operation": "addition",
    "digits": 2,
    "isAdaptive": true,
    "questionsAttempted": 4,
    "questionsCorrect": 3,
    "totalTime": 83978,
    "averageTime": 12.83325,
    "streak": 1,
    "bestStreak": 2,
    "weaknesses": [
      {
        "operation": "addition",
        "userAnswer": 43,
        "correctAnswer": 45,
        "timeTaken": 22.945,
        "timestamp": "2026-01-24T01:15:24.420Z"
      }
    ],
    "improvements": [
      {
        "operation": "addition",
        "timeTaken": 13.699,
        "timestamp": "2026-01-24T01:14:47.906Z"
      },
      {
        "operation": "addition",
        "timeTaken": 6.808,
        "timestamp": "2026-01-24T01:14:59.878Z"
      },
      {
        "operation": "addition",
        "timeTaken": 7.881,
        "timestamp": "2026-01-24T01:15:38.420Z"
      }
    ],
    "sessionStatus": "completed",
    "pauseCount": 0,
    "totalPauseTime": 0,
    "accuracy": 75,
    "timePerQuestion": [
      13.699,
      6.808,
      22.945,
      7.881
    ],
    "difficultyProgression": [],
    "performanceRating": "good",
    "speedRating": "slow",
    "consistencyRating": "inconsistent"
  },
  {
    "id": "session_1769216508286_78do859dz",
    "startTime": 1769216508286,
    "endTime": 1769216516242,
    "operation": "addition",
    "digits": 2,
    "isAdaptive": true,
    "questionsAttempted": 0,
    "questionsCorrect": 0,
    "totalTime": 7956,
    "averageTime": 0,
    "streak": 0,
    "bestStreak": 0,
    "weaknesses": [],
    "improvements": [],
    "sessionStatus": "completed",
    "pauseCount": 0,
    "totalPauseTime": 0,
    "accuracy": 0,
    "timePerQuestion": [],
    "difficultyProgression": [],
    "performanceRating": "needs_improvement",
    "speedRating": "very_fast"
  },
  {
    "id": "session_1769217258841_nbdat9lrw",
    "startTime": 1769217258841,
    "endTime": 1769217263269,
    "operation": "addition",
    "digits": 2,
    "isAdaptive": true,
    "questionsAttempted": 0,
    "questionsCorrect": 0,
    "totalTime": 4428,
    "averageTime": 0,
    "streak": 0,
    "bestStreak": 0,
    "weaknesses": [],
    "improvements": [],
    "sessionStatus": "completed",
    "pauseCount": 0,
    "totalPauseTime": 0,
    "accuracy": 0,
    "timePerQuestion": [],
    "difficultyProgression": [],
    "performanceRating": "needs_improvement",
    "speedRating": "very_fast"
  },
  {
    "id": "session_1769217274136_prl3j1cog",
    "startTime": 1769217274136,
    "endTime": 1769217358114,
    "operation": "addition",
    "digits": 2,
    "isAdaptive": true,
    "questionsAttempted": 4,
    "questionsCorrect": 3,
    "totalTime": 83978,
    "averageTime": 12.83325,
    "streak": 1,
    "bestStreak": 2,
    "weaknesses": [
      {
        "operation": "addition",
        "userAnswer": 43,
        "correctAnswer": 45,
        "timeTaken": 22.945,
        "timestamp": "2026-01-24T01:15:24.420Z"
      }
    ],
    "improvements": [
      {
        "operation": "addition",
        "timeTaken": 13.699,
        "timestamp": "2026-01-24T01:14:47.906Z"
      },
      {
        "operation": "addition",
        "timeTaken": 6.808,
        "timestamp": "2026-01-24T01:14:59.878Z"
      },
      {
        "operation": "addition",
        "timeTaken": 7.881,
        "timestamp": "2026-01-24T01:15:38.420Z"
      }
    ],
    "sessionStatus": "completed",
    "pauseCount": 0,
    "totalPauseTime": 0,
    "accuracy": 75,
    "timePerQuestion": [
      13.699,
      6.808,
      22.945,
      7.881
    ],
    "difficultyProgression": [],
    "performanceRating": "good",
    "speedRating": "slow",
    "consistencyRating": "inconsistent"
  },
  {
    "id": "session_1769218315937_3228zvo9c",
    "startTime": 1769218315937,
    "endTime": 1769218353538,
    "operation": "addition",
    "digits": 2,
    "isAdaptive": true,
    "questionsAttempted": 2,
    "questionsCorrect": 1,
    "totalTime": 35929,
    "averageTime": 4.5895,
    "streak": 1,
    "bestStreak": 1,
    "weaknesses": [
      {
        "operation": "addition",
        "userAnswer": 23,
        "correctAnswer": 25,
        "timeTaken": 2.099,
        "timestamp": "2026-01-24T01:31:58.042Z"
      }
    ],
    "improvements": [
      {
        "operation": "addition",
        "timeTaken": 7.08,
        "timestamp": "2026-01-24T01:32:06.925Z"
      }
    ],
    "sessionStatus": "completed",
    "pauseCount": 1,
    "totalPauseTime": 1672,
    "accuracy": 50,
    "timePerQuestion": [
      2.099,
      7.08
    ],
    "difficultyProgression": [],
    "performanceRating": "needs_improvement",
    "speedRating": "fast"
  },
  {
    "id": "session_1769216508286_78do859dz",
    "startTime": 1769216508286,
    "endTime": 1769216516242,
    "operation": "addition",
    "digits": 2,
    "isAdaptive": true,
    "questionsAttempted": 0,
    "questionsCorrect": 0,
    "totalTime": 7956,
    "averageTime": 0,
    "streak": 0,
    "bestStreak": 0,
    "weaknesses": [],
    "improvements": [],
    "sessionStatus": "completed",
    "pauseCount": 0,
    "totalPauseTime": 0,
    "accuracy": 0,
    "timePerQuestion": [],
    "difficultyProgression": [],
    "performanceRating": "needs_improvement",
    "speedRating": "very_fast"
  },
  {
    "id": "session_1769217258841_nbdat9lrw",
    "startTime": 1769217258841,
    "endTime": 1769217263269,
    "operation": "addition",
    "digits": 2,
    "isAdaptive": true,
    "questionsAttempted": 0,
    "questionsCorrect": 0,
    "totalTime": 4428,
    "averageTime": 0,
    "streak": 0,
    "bestStreak": 0,
    "weaknesses": [],
    "improvements": [],
    "sessionStatus": "completed",
    "pauseCount": 0,
    "totalPauseTime": 0,
    "accuracy": 0,
    "timePerQuestion": [],
    "difficultyProgression": [],
    "performanceRating": "needs_improvement",
    "speedRating": "very_fast"
  },
  {
    "id": "session_1769217274136_prl3j1cog",
    "startTime": 1769217274136,
    "endTime": 1769217358114,
    "operation": "addition",
    "digits": 2,
    "isAdaptive": true,
    "questionsAttempted": 4,
    "questionsCorrect": 3,
    "totalTime": 83978,
    "averageTime": 12.83325,
    "streak": 1,
    "bestStreak": 2,
    "weaknesses": [
      {
        "operation": "addition",
        "userAnswer": 43,
        "correctAnswer": 45,
        "timeTaken": 22.945,
        "timestamp": "2026-01-24T01:15:24.420Z"
      }
    ],
    "improvements": [
      {
        "operation": "addition",
        "timeTaken": 13.699,
        "timestamp": "2026-01-24T01:14:47.906Z"
      },
      {
        "operation": "addition",
        "timeTaken": 6.808,
        "timestamp": "2026-01-24T01:14:59.878Z"
      },
      {
        "operation": "addition",
        "timeTaken": 7.881,
        "timestamp": "2026-01-24T01:15:38.420Z"
      }
    ],
    "sessionStatus": "completed",
    "pauseCount": 0,
    "totalPauseTime": 0,
    "accuracy": 75,
    "timePerQuestion": [
      13.699,
      6.808,
      22.945,
      7.881
    ],
    "difficultyProgression": [],
    "performanceRating": "good",
    "speedRating": "slow",
    "consistencyRating": "inconsistent"
  },
  {
    "id": "session_1769218315937_3228zvo9c",
    "startTime": 1769218315937,
    "endTime": 1769218353538,
    "operation": "addition",
    "digits": 2,
    "isAdaptive": true,
    "questionsAttempted": 2,
    "questionsCorrect": 1,
    "totalTime": 35929,
    "averageTime": 4.5895,
    "streak": 1,
    "bestStreak": 1,
    "weaknesses": [
      {
        "operation": "addition",
        "userAnswer": 23,
        "correctAnswer": 25,
        "timeTaken": 2.099,
        "timestamp": "2026-01-24T01:31:58.042Z"
      }
    ],
    "improvements": [
      {
        "operation": "addition",
        "timeTaken": 7.08,
        "timestamp": "2026-01-24T01:32:06.925Z"
      }
    ],
    "sessionStatus": "completed",
    "pauseCount": 1,
    "totalPauseTime": 1672,
    "accuracy": 50,
    "timePerQuestion": [
      2.099,
      7.08
    ],
    "difficultyProgression": [],
    "performanceRating": "needs_improvement",
    "speedRating": "fast"
  },
  {
    "id": "session_1769218488365_zjtzhjosw",
    "startTime": 1769218488365,
    "endTime": 1769218493809,
    "operation": "addition",
    "digits": 2,
    "isAdaptive": true,
    "questionsAttempted": 0,
    "questionsCorrect": 0,
    "totalTime": 5444,
    "averageTime": 0,
    "streak": 0,
    "bestStreak": 0,
    "weaknesses": [],
    "improvements": [],
    "sessionStatus": "completed",
    "pauseCount": 0,
    "totalPauseTime": 0,
    "accuracy": 0,
    "timePerQuestion": [],
    "difficultyProgression": [],
    "performanceRating": "needs_improvement",
    "speedRating": "very_fast"
  },
  {
    "id": "session_1769216508286_78do859dz",
    "startTime": 1769216508286,
    "endTime": 1769216516242,
    "operation": "addition",
    "digits": 2,
    "isAdaptive": true,
    "questionsAttempted": 0,
    "questionsCorrect": 0,
    "totalTime": 7956,
    "averageTime": 0,
    "streak": 0,
    "bestStreak": 0,
    "weaknesses": [],
    "improvements": [],
    "sessionStatus": "completed",
    "pauseCount": 0,
    "totalPauseTime": 0,
    "accuracy": 0,
    "timePerQuestion": [],
    "difficultyProgression": [],
    "performanceRating": "needs_improvement",
    "speedRating": "very_fast"
  },
  {
    "id": "session_1769217258841_nbdat9lrw",
    "startTime": 1769217258841,
    "endTime": 1769217263269,
    "operation": "addition",
    "digits": 2,
    "isAdaptive": true,
    "questionsAttempted": 0,
    "questionsCorrect": 0,
    "totalTime": 4428,
    "averageTime": 0,
    "streak": 0,
    "bestStreak": 0,
    "weaknesses": [],
    "improvements": [],
    "sessionStatus": "completed",
    "pauseCount": 0,
    "totalPauseTime": 0,
    "accuracy": 0,
    "timePerQuestion": [],
    "difficultyProgression": [],
    "performanceRating": "needs_improvement",
    "speedRating": "very_fast"
  },
  {
    "id": "session_1769217274136_prl3j1cog",
    "startTime": 1769217274136,
    "endTime": 1769217358114,
    "operation": "addition",
    "digits": 2,
    "isAdaptive": true,
    "questionsAttempted": 4,
    "questionsCorrect": 3,
    "totalTime": 83978,
    "averageTime": 12.83325,
    "streak": 1,
    "bestStreak": 2,
    "weaknesses": [
      {
        "operation": "addition",
        "userAnswer": 43,
        "correctAnswer": 45,
        "timeTaken": 22.945,
        "timestamp": "2026-01-24T01:15:24.420Z"
      }
    ],
    "improvements": [
      {
        "operation": "addition",
        "timeTaken": 13.699,
        "timestamp": "2026-01-24T01:14:47.906Z"
      },
      {
        "operation": "addition",
        "timeTaken": 6.808,
        "timestamp": "2026-01-24T01:14:59.878Z"
      },
      {
        "operation": "addition",
        "timeTaken": 7.881,
        "timestamp": "2026-01-24T01:15:38.420Z"
      }
    ],
    "sessionStatus": "completed",
    "pauseCount": 0,
    "totalPauseTime": 0,
    "accuracy": 75,
    "timePerQuestion": [
      13.699,
      6.808,
      22.945,
      7.881
    ],
    "difficultyProgression": [],
    "performanceRating": "good",
    "speedRating": "slow",
    "consistencyRating": "inconsistent"
  },
  {
    "id": "session_1769218315937_3228zvo9c",
    "startTime": 1769218315937,
    "endTime": 1769218353538,
    "operation": "addition",
    "digits": 2,
    "isAdaptive": true,
    "questionsAttempted": 2,
    "questionsCorrect": 1,
    "totalTime": 35929,
    "averageTime": 4.5895,
    "streak": 1,
    "bestStreak": 1,
    "weaknesses": [
      {
        "operation": "addition",
        "userAnswer": 23,
        "correctAnswer": 25,
        "timeTaken": 2.099,
        "timestamp": "2026-01-24T01:31:58.042Z"
      }
    ],
    "improvements": [
      {
        "operation": "addition",
        "timeTaken": 7.08,
        "timestamp": "2026-01-24T01:32:06.925Z"
      }
    ],
    "sessionStatus": "completed",
    "pauseCount": 1,
    "totalPauseTime": 1672,
    "accuracy": 50,
    "timePerQuestion": [
      2.099,
      7.08
    ],
    "difficultyProgression": [],
    "performanceRating": "needs_improvement",
    "speedRating": "fast"
  },
  {
    "id": "session_1769218488365_zjtzhjosw",
    "startTime": 1769218488365,
    "endTime": 1769218493809,
    "operation": "addition",
    "digits": 2,
    "isAdaptive": true,
    "questionsAttempted": 0,
    "questionsCorrect": 0,
    "totalTime": 5444,
    "averageTime": 0,
    "streak": 0,
    "bestStreak": 0,
    "weaknesses": [],
    "improvements": [],
    "sessionStatus": "completed",
    "pauseCount": 0,
    "totalPauseTime": 0,
    "accuracy": 0,
    "timePerQuestion": [],
    "difficultyProgression": [],
    "performanceRating": "needs_improvement",
    "speedRating": "very_fast"
  },
  {
    "id": "session_1769218508660_qb6tdov0s",
    "startTime": 1769218508660,
    "endTime": 1769218518321,
    "operation": "addition",
    "digits": 2,
    "isAdaptive": true,
    "questionsAttempted": 0,
    "questionsCorrect": 0,
    "totalTime": 9661,
    "averageTime": 0,
    "streak": 0,
    "bestStreak": 0,
    "weaknesses": [],
    "improvements": [],
    "sessionStatus": "completed",
    "pauseCount": 0,
    "totalPauseTime": 0,
    "accuracy": 0,
    "timePerQuestion": [],
    "difficultyProgression": [],
    "performanceRating": "needs_improvement",
    "speedRating": "very_fast"
  },
  {
    "id": "session_1769216508286_78do859dz",
    "startTime": 1769216508286,
    "endTime": 1769216516242,
    "operation": "addition",
    "digits": 2,
    "isAdaptive": true,
    "questionsAttempted": 0,
    "questionsCorrect": 0,
    "totalTime": 7956,
    "averageTime": 0,
    "streak": 0,
    "bestStreak": 0,
    "weaknesses": [],
    "improvements": [],
    "sessionStatus": "completed",
    "pauseCount": 0,
    "totalPauseTime": 0,
    "accuracy": 0,
    "timePerQuestion": [],
    "difficultyProgression": [],
    "performanceRating": "needs_improvement",
    "speedRating": "very_fast"
  },
  {
    "id": "session_1769217258841_nbdat9lrw",
    "startTime": 1769217258841,
    "endTime": 1769217263269,
    "operation": "addition",
    "digits": 2,
    "isAdaptive": true,
    "questionsAttempted": 0,
    "questionsCorrect": 0,
    "totalTime": 4428,
    "averageTime": 0,
    "streak": 0,
    "bestStreak": 0,
    "weaknesses": [],
    "improvements": [],
    "sessionStatus": "completed",
    "pauseCount": 0,
    "totalPauseTime": 0,
    "accuracy": 0,
    "timePerQuestion": [],
    "difficultyProgression": [],
    "performanceRating": "needs_improvement",
    "speedRating": "very_fast"
  },
  {
    "id": "session_1769217274136_prl3j1cog",
    "startTime": 1769217274136,
    "endTime": 1769217358114,
    "operation": "addition",
    "digits": 2,
    "isAdaptive": true,
    "questionsAttempted": 4,
    "questionsCorrect": 3,
    "totalTime": 83978,
    "averageTime": 12.83325,
    "streak": 1,
    "bestStreak": 2,
    "weaknesses": [
      {
        "operation": "addition",
        "userAnswer": 43,
        "correctAnswer": 45,
        "timeTaken": 22.945,
        "timestamp": "2026-01-24T01:15:24.420Z"
      }
    ],
    "improvements": [
      {
        "operation": "addition",
        "timeTaken": 13.699,
        "timestamp": "2026-01-24T01:14:47.906Z"
      },
      {
        "operation": "addition",
        "timeTaken": 6.808,
        "timestamp": "2026-01-24T01:14:59.878Z"
      },
      {
        "operation": "addition",
        "timeTaken": 7.881,
        "timestamp": "2026-01-24T01:15:38.420Z"
      }
    ],
    "sessionStatus": "completed",
    "pauseCount": 0,
    "totalPauseTime": 0,
    "accuracy": 75,
    "timePerQuestion": [
      13.699,
      6.808,
      22.945,
      7.881
    ],
    "difficultyProgression": [],
    "performanceRating": "good",
    "speedRating": "slow",
    "consistencyRating": "inconsistent"
  },
  {
    "id": "session_1769218315937_3228zvo9c",
    "startTime": 1769218315937,
    "endTime": 1769218353538,
    "operation": "addition",
    "digits": 2,
    "isAdaptive": true,
    "questionsAttempted": 2,
    "questionsCorrect": 1,
    "totalTime": 35929,
    "averageTime": 4.5895,
    "streak": 1,
    "bestStreak": 1,
    "weaknesses": [
      {
        "operation": "addition",
        "userAnswer": 23,
        "correctAnswer": 25,
        "timeTaken": 2.099,
        "timestamp": "2026-01-24T01:31:58.042Z"
      }
    ],
    "improvements": [
      {
        "operation": "addition",
        "timeTaken": 7.08,
        "timestamp": "2026-01-24T01:32:06.925Z"
      }
    ],
    "sessionStatus": "completed",
    "pauseCount": 1,
    "totalPauseTime": 1672,
    "accuracy": 50,
    "timePerQuestion": [
      2.099,
      7.08
    ],
    "difficultyProgression": [],
    "performanceRating": "needs_improvement",
    "speedRating": "fast"
  },
  {
    "id": "session_1769218488365_zjtzhjosw",
    "startTime": 1769218488365,
    "endTime": 1769218493809,
    "operation": "addition",
    "digits": 2,
    "isAdaptive": true,
    "questionsAttempted": 0,
    "questionsCorrect": 0,
    "totalTime": 5444,
    "averageTime": 0,
    "streak": 0,
    "bestStreak": 0,
    "weaknesses": [],
    "improvements": [],
    "sessionStatus": "completed",
    "pauseCount": 0,
    "totalPauseTime": 0,
    "accuracy": 0,
    "timePerQuestion": [],
    "difficultyProgression": [],
    "performanceRating": "needs_improvement",
    "speedRating": "very_fast"
  },
  {
    "id": "session_1769218508660_qb6tdov0s",
    "startTime": 1769218508660,
    "endTime": 1769218518321,
    "operation": "addition",
    "digits": 2,
    "isAdaptive": true,
    "questionsAttempted": 0,
    "questionsCorrect": 0,
    "totalTime": 9661,
    "averageTime": 0,
    "streak": 0,
    "bestStreak": 0,
    "weaknesses": [],
    "improvements": [],
    "sessionStatus": "completed",
    "pauseCount": 0,
    "totalPauseTime": 0,
    "accuracy": 0,
    "timePerQuestion": [],
    "difficultyProgression": [],
    "performanceRating": "needs_improvement",
    "speedRating": "very_fast"
  },
  {
    "id": "session_1769218611921_6ipjrdd8b",
    "startTime": 1769218611921,
    "endTime": 1769218621838,
    "operation": "addition",
    "digits": 2,
    "isAdaptive": true,
    "questionsAttempted": 0,
    "questionsCorrect": 0,
    "totalTime": 9917,
    "averageTime": 0,
    "streak": 0,
    "bestStreak": 0,
    "weaknesses": [],
    "improvements": [],
    "sessionStatus": "completed",
    "pauseCount": 0,
    "totalPauseTime": 0,
    "accuracy": 0,
    "timePerQuestion": [],
    "difficultyProgression": [],
    "performanceRating": "needs_improvement",
    "speedRating": "very_fast"
  },
  {
    "id": "session_1769216508286_78do859dz",
    "startTime": 1769216508286,
    "endTime": 1769216516242,
    "operation": "addition",
    "digits": 2,
    "isAdaptive": true,
    "questionsAttempted": 0,
    "questionsCorrect": 0,
    "totalTime": 7956,
    "averageTime": 0,
    "streak": 0,
    "bestStreak": 0,
    "weaknesses": [],
    "improvements": [],
    "sessionStatus": "completed",
    "pauseCount": 0,
    "totalPauseTime": 0,
    "accuracy": 0,
    "timePerQuestion": [],
    "difficultyProgression": [],
    "performanceRating": "needs_improvement",
    "speedRating": "very_fast"
  },
  {
    "id": "session_1769217258841_nbdat9lrw",
    "startTime": 1769217258841,
    "endTime": 1769217263269,
    "operation": "addition",
    "digits": 2,
    "isAdaptive": true,
    "questionsAttempted": 0,
    "questionsCorrect": 0,
    "totalTime": 4428,
    "averageTime": 0,
    "streak": 0,
    "bestStreak": 0,
    "weaknesses": [],
    "improvements": [],
    "sessionStatus": "completed",
    "pauseCount": 0,
    "totalPauseTime": 0,
    "accuracy": 0,
    "timePerQuestion": [],
    "difficultyProgression": [],
    "performanceRating": "needs_improvement",
    "speedRating": "very_fast"
  },
  {
    "id": "session_1769217274136_prl3j1cog",
    "startTime": 1769217274136,
    "endTime": 1769217358114,
    "operation": "addition",
    "digits": 2,
    "isAdaptive": true,
    "questionsAttempted": 4,
    "questionsCorrect": 3,
    "totalTime": 83978,
    "averageTime": 12.83325,
    "streak": 1,
    "bestStreak": 2,
    "weaknesses": [
      {
        "operation": "addition",
        "userAnswer": 43,
        "correctAnswer": 45,
        "timeTaken": 22.945,
        "timestamp": "2026-01-24T01:15:24.420Z"
      }
    ],
    "improvements": [
      {
        "operation": "addition",
        "timeTaken": 13.699,
        "timestamp": "2026-01-24T01:14:47.906Z"
      },
      {
        "operation": "addition",
        "timeTaken": 6.808,
        "timestamp": "2026-01-24T01:14:59.878Z"
      },
      {
        "operation": "addition",
        "timeTaken": 7.881,
        "timestamp": "2026-01-24T01:15:38.420Z"
      }
    ],
    "sessionStatus": "completed",
    "pauseCount": 0,
    "totalPauseTime": 0,
    "accuracy": 75,
    "timePerQuestion": [
      13.699,
      6.808,
      22.945,
      7.881
    ],
    "difficultyProgression": [],
    "performanceRating": "good",
    "speedRating": "slow",
    "consistencyRating": "inconsistent"
  },
  {
    "id": "session_1769218315937_3228zvo9c",
    "startTime": 1769218315937,
    "endTime": 1769218353538,
    "operation": "addition",
    "digits": 2,
    "isAdaptive": true,
    "questionsAttempted": 2,
    "questionsCorrect": 1,
    "totalTime": 35929,
    "averageTime": 4.5895,
    "streak": 1,
    "bestStreak": 1,
    "weaknesses": [
      {
        "operation": "addition",
        "userAnswer": 23,
        "correctAnswer": 25,
        "timeTaken": 2.099,
        "timestamp": "2026-01-24T01:31:58.042Z"
      }
    ],
    "improvements": [
      {
        "operation": "addition",
        "timeTaken": 7.08,
        "timestamp": "2026-01-24T01:32:06.925Z"
      }
    ],
    "sessionStatus": "completed",
    "pauseCount": 1,
    "totalPauseTime": 1672,
    "accuracy": 50,
    "timePerQuestion": [
      2.099,
      7.08
    ],
    "difficultyProgression": [],
    "performanceRating": "needs_improvement",
    "speedRating": "fast"
  },
  {
    "id": "session_1769218488365_zjtzhjosw",
    "startTime": 1769218488365,
    "endTime": 1769218493809,
    "operation": "addition",
    "digits": 2,
    "isAdaptive": true,
    "questionsAttempted": 0,
    "questionsCorrect": 0,
    "totalTime": 5444,
    "averageTime": 0,
    "streak": 0,
    "bestStreak": 0,
    "weaknesses": [],
    "improvements": [],
    "sessionStatus": "completed",
    "pauseCount": 0,
    "totalPauseTime": 0,
    "accuracy": 0,
    "timePerQuestion": [],
    "difficultyProgression": [],
    "performanceRating": "needs_improvement",
    "speedRating": "very_fast"
  },
  {
    "id": "session_1769218508660_qb6tdov0s",
    "startTime": 1769218508660,
    "endTime": 1769218518321,
    "operation": "addition",
    "digits": 2,
    "isAdaptive": true,
    "questionsAttempted": 0,
    "questionsCorrect": 0,
    "totalTime": 9661,
    "averageTime": 0,
    "streak": 0,
    "bestStreak": 0,
    "weaknesses": [],
    "improvements": [],
    "sessionStatus": "completed",
    "pauseCount": 0,
    "totalPauseTime": 0,
    "accuracy": 0,
    "timePerQuestion": [],
    "difficultyProgression": [],
    "performanceRating": "needs_improvement",
    "speedRating": "very_fast"
  },
  {
    "id": "session_1769218611921_6ipjrdd8b",
    "startTime": 1769218611921,
    "endTime": 1769218621838,
    "operation": "addition",
    "digits": 2,
    "isAdaptive": true,
    "questionsAttempted": 0,
    "questionsCorrect": 0,
    "totalTime": 9917,
    "averageTime": 0,
    "streak": 0,
    "bestStreak": 0,
    "weaknesses": [],
    "improvements": [],
    "sessionStatus": "completed",
    "pauseCount": 0,
    "totalPauseTime": 0,
    "accuracy": 0,
    "timePerQuestion": [],
    "difficultyProgression": [],
    "performanceRating": "needs_improvement",
    "speedRating": "very_fast"
  },
  {
    "id": "session_1769218660912_uzyov1qx6",
    "startTime": 1769218660912,
    "endTime": 1769218668787,
    "operation": "addition",
    "digits": 2,
    "isAdaptive": true,
    "questionsAttempted": 0,
    "questionsCorrect": 0,
    "totalTime": 7875,
    "averageTime": 0,
    "streak": 0,
    "bestStreak": 0,
    "weaknesses": [],
    "improvements": [],
    "sessionStatus": "completed",
    "pauseCount": 0,
    "totalPauseTime": 0,
    "accuracy": 0,
    "timePerQuestion": [],
    "difficultyProgression": [],
    "performanceRating": "needs_improvement",
    "speedRating": "very_fast"
  },
  {
    "id": "session_1769216508286_78do859dz",
    "startTime": 1769216508286,
    "endTime": 1769216516242,
    "operation": "addition",
    "digits": 2,
    "isAdaptive": true,
    "questionsAttempted": 0,
    "questionsCorrect": 0,
    "totalTime": 7956,
    "averageTime": 0,
    "streak": 0,
    "bestStreak": 0,
    "weaknesses": [],
    "improvements": [],
    "sessionStatus": "completed",
    "pauseCount": 0,
    "totalPauseTime": 0,
    "accuracy": 0,
    "timePerQuestion": [],
    "difficultyProgression": [],
    "performanceRating": "needs_improvement",
    "speedRating": "very_fast"
  },
  {
    "id": "session_1769217258841_nbdat9lrw",
    "startTime": 1769217258841,
    "endTime": 1769217263269,
    "operation": "addition",
    "digits": 2,
    "isAdaptive": true,
    "questionsAttempted": 0,
    "questionsCorrect": 0,
    "totalTime": 4428,
    "averageTime": 0,
    "streak": 0,
    "bestStreak": 0,
    "weaknesses": [],
    "improvements": [],
    "sessionStatus": "completed",
    "pauseCount": 0,
    "totalPauseTime": 0,
    "accuracy": 0,
    "timePerQuestion": [],
    "difficultyProgression": [],
    "performanceRating": "needs_improvement",
    "speedRating": "very_fast"
  },
  {
    "id": "session_1769217274136_prl3j1cog",
    "startTime": 1769217274136,
    "endTime": 1769217358114,
    "operation": "addition",
    "digits": 2,
    "isAdaptive": true,
    "questionsAttempted": 4,
    "questionsCorrect": 3,
    "totalTime": 83978,
    "averageTime": 12.83325,
    "streak": 1,
    "bestStreak": 2,
    "weaknesses": [
      {
        "operation": "addition",
        "userAnswer": 43,
        "correctAnswer": 45,
        "timeTaken": 22.945,
        "timestamp": "2026-01-24T01:15:24.420Z"
      }
    ],
    "improvements": [
      {
        "operation": "addition",
        "timeTaken": 13.699,
        "timestamp": "2026-01-24T01:14:47.906Z"
      },
      {
        "operation": "addition",
        "timeTaken": 6.808,
        "timestamp": "2026-01-24T01:14:59.878Z"
      },
      {
        "operation": "addition",
        "timeTaken": 7.881,
        "timestamp": "2026-01-24T01:15:38.420Z"
      }
    ],
    "sessionStatus": "completed",
    "pauseCount": 0,
    "totalPauseTime": 0,
    "accuracy": 75,
    "timePerQuestion": [
      13.699,
      6.808,
      22.945,
      7.881
    ],
    "difficultyProgression": [],
    "performanceRating": "good",
    "speedRating": "slow",
    "consistencyRating": "inconsistent"
  },
  {
    "id": "session_1769218315937_3228zvo9c",
    "startTime": 1769218315937,
    "endTime": 1769218353538,
    "operation": "addition",
    "digits": 2,
    "isAdaptive": true,
    "questionsAttempted": 2,
    "questionsCorrect": 1,
    "totalTime": 35929,
    "averageTime": 4.5895,
    "streak": 1,
    "bestStreak": 1,
    "weaknesses": [
      {
        "operation": "addition",
        "userAnswer": 23,
        "correctAnswer": 25,
        "timeTaken": 2.099,
        "timestamp": "2026-01-24T01:31:58.042Z"
      }
    ],
    "improvements": [
      {
        "operation": "addition",
        "timeTaken": 7.08,
        "timestamp": "2026-01-24T01:32:06.925Z"
      }
    ],
    "sessionStatus": "completed",
    "pauseCount": 1,
    "totalPauseTime": 1672,
    "accuracy": 50,
    "timePerQuestion": [
      2.099,
      7.08
    ],
    "difficultyProgression": [],
    "performanceRating": "needs_improvement",
    "speedRating": "fast"
  },
  {
    "id": "session_1769218488365_zjtzhjosw",
    "startTime": 1769218488365,
    "endTime": 1769218493809,
    "operation": "addition",
    "digits": 2,
    "isAdaptive": true,
    "questionsAttempted": 0,
    "questionsCorrect": 0,
    "totalTime": 5444,
    "averageTime": 0,
    "streak": 0,
    "bestStreak": 0,
    "weaknesses": [],
    "improvements": [],
    "sessionStatus": "completed",
    "pauseCount": 0,
    "totalPauseTime": 0,
    "accuracy": 0,
    "timePerQuestion": [],
    "difficultyProgression": [],
    "performanceRating": "needs_improvement",
    "speedRating": "very_fast"
  },
  {
    "id": "session_1769218508660_qb6tdov0s",
    "startTime": 1769218508660,
    "endTime": 1769218518321,
    "operation": "addition",
    "digits": 2,
    "isAdaptive": true,
    "questionsAttempted": 0,
    "questionsCorrect": 0,
    "totalTime": 9661,
    "averageTime": 0,
    "streak": 0,
    "bestStreak": 0,
    "weaknesses": [],
    "improvements": [],
    "sessionStatus": "completed",
    "pauseCount": 0,
    "totalPauseTime": 0,
    "accuracy": 0,
    "timePerQuestion": [],
    "difficultyProgression": [],
    "performanceRating": "needs_improvement",
    "speedRating": "very_fast"
  },
  {
    "id": "session_1769218611921_6ipjrdd8b",
    "startTime": 1769218611921,
    "endTime": 1769218621838,
    "operation": "addition",
    "digits": 2,
    "isAdaptive": true,
    "questionsAttempted": 0,
    "questionsCorrect": 0,
    "totalTime": 9917,
    "averageTime": 0,
    "streak": 0,
    "bestStreak": 0,
    "weaknesses": [],
    "improvements": [],
    "sessionStatus": "completed",
    "pauseCount": 0,
    "totalPauseTime": 0,
    "accuracy": 0,
    "timePerQuestion": [],
    "difficultyProgression": [],
    "performanceRating": "needs_improvement",
    "speedRating": "very_fast"
  },
  {
    "id": "session_1769218660912_uzyov1qx6",
    "startTime": 1769218660912,
    "endTime": 1769218668787,
    "operation": "addition",
    "digits": 2,
    "isAdaptive": true,
    "questionsAttempted": 0,
    "questionsCorrect": 0,
    "totalTime": 7875,
    "averageTime": 0,
    "streak": 0,
    "bestStreak": 0,
    "weaknesses": [],
    "improvements": [],
    "sessionStatus": "completed",
    "pauseCount": 0,
    "totalPauseTime": 0,
    "accuracy": 0,
    "timePerQuestion": [],
    "difficultyProgression": [],
    "performanceRating": "needs_improvement",
    "speedRating": "very_fast"
  },
  {
    "id": "session_1769218681825_tbwxjeef9",
    "startTime": 1769218681825,
    "endTime": 1769218714704,
    "operation": "addition",
    "digits": 2,
    "isAdaptive": true,
    "questionsAttempted": 2,
    "questionsCorrect": 0,
    "totalTime": 30745,
    "averageTime": 9.052999999999999,
    "streak": 0,
    "bestStreak": 0,
    "weaknesses": [
      {
        "operation": "addition",
        "userAnswer": 58,
        "correctAnswer": 72,
        "timeTaken": 7.185,
        "timestamp": "2026-01-24T01:38:11.148Z"
      },
      {
        "operation": "addition",
        "userAnswer": 51,
        "correctAnswer": 53,
        "timeTaken": 10.921,
        "timestamp": "2026-01-24T01:38:26.007Z"
      }
    ],
    "improvements": [],
    "sessionStatus": "completed",
    "pauseCount": 2,
    "totalPauseTime": 2134,
    "accuracy": 0,
    "timePerQuestion": [
      7.185,
      10.921
    ],
    "difficultyProgression": [],
    "performanceRating": "needs_improvement",
    "speedRating": "slow"
  }
]