[
  {
    "id": "session_1769189202046_ohcnav842",
    "startTime": 1769189202046,
    "endTime": 1769189208435,
    "operation": "addition",
    "digits": 2,
    "isAdaptive": true,
    "questionsAttempted": 0,
    "questionsCorrect": 0,
    "totalTime": 6389,
    "averageTime": 0,
    "streak": 0,
    "bestStreak": 0,
    "weaknesses": [],
    "improvements": [],
    "sessionStatus": "completed",
    "pauseCount": 0,
    "totalPauseTime": 0,
    "accuracy": 0,
    "timePerQuestion": [],
    "difficultyProgression": [],
    "performanceRating": "needs_improvement",
    "speedRating": "very_fast"
  },
  {
    "id": "session_1769189202046_ohcnav842",
    "startTime": 1769189202046,
    "endTime": 1769189208435,
    "operation": "addition",
    "digits": 2,
    "isAdaptive": true,
    "questionsAttempted": 0,
    "questionsCorrect": 0,
    "totalTime": 6389,
    "averageTime": 0,
    "streak": 0,
    "bestStreak": 0,
    "weaknesses": [],
    "improvements": [],
    "sessionStatus": "completed",
    "pauseCount": 0,
    "totalPauseTime": 0,
    "accuracy": 0,
    "timePerQuestion": [],
    "difficultyProgression": [],
    "performanceRating": "needs_improvement",
    "speedRating": "very_fast"
  },
  {
    "id": "session_1769189614816_40bhq02is",
    "startTime": 1769189614816,
    "endTime": 1769189638166,
    "operation": "addition",
    "digits": 2,
    "isAdaptive": true,
    "questionsAttempted": 2,
    "questionsCorrect": 1,
    "totalTime": 23350,
    "averageTime": 5.5975,
    "streak": 0,
    "bestStreak": 1,
    "weaknesses": [
      {
        "operation": "addition",
        "userAnswer": 33,
        "correctAnswer": 53,
        "timeTaken": 4.268,
        "timestamp": "2026-01-23T17:33:50.617Z"
      }
    ],
    "improvements": [
      {
        "operation": "addition",
        "timeTaken": 6.927,
        "timestamp": "2026-01-23T17:33:41.857Z"
      }
    ],
    "sessionStatus": "completed",
    "pauseCount": 0,
    "totalPauseTime": 0,
    "accuracy": 50,
    "timePerQuestion": [
      6.927,
      4.268
    ],
    "difficultyProgression": [],
    "performanceRating": "needs_improvement",
    "speedRating": "normal"
  }
]