{
  "levels": [
    {
      "id": 1,
      "name": "Level 1: Tiny Addition",
      "description": "Sums up to 10.",
      "operation": "addition",
      "digits": 1,
      "difficulty": "Easy",
      "requirements": {
        "totalQuestions": 10,
        "minCorrect": 8,
        "timeLimit": 40
      },
      "rewards": {
        "starsPerQuestion": 1,
        "maxStars": 3,
        "unlocksLevel": 2,
        "pointsReward": 100
      },
      "unlockCondition": "none"
    },
    {
      "id": 2,
      "name": "Level 2: Basic Subtraction",
      "description": "Numbers within 10.",
      "operation": "subtraction",
      "digits": 1,
      "difficulty": "Easy",
      "requirements": {
        "totalQuestions": 10,
        "minCorrect": 8,
        "timeLimit": 40
      },
      "rewards": {
        "starsPerQuestion": 1,
        "maxStars": 3,
        "unlocksLevel": 3,
        "pointsReward": 100
      },
      "unlockCondition": "total_stars_1"
    },
    {
      "id": 3,
      "name": "Level 3: Sums to 20",
      "description": "Cross the 10-barrier.",
      "operation": "addition",
      "digits": 1,
      "difficulty": "Easy",
      "requirements": {
        "totalQuestions": 12,
        "minCorrect": 10,
        "timeLimit": 50
      },
      "rewards": {
        "starsPerQuestion": 1,
        "maxStars": 3,
        "unlocksLevel": 4,
        "pointsReward": 120
      },
      "unlockCondition": "total_stars_3"
    },
    {
      "id": 4,
      "name": "Level 4: Subtraction within 20",
      "description": "Mastering the teens.",
      "operation": "subtraction",
      "digits": 1,
      "difficulty": "Easy",
      "requirements": {
        "totalQuestions": 12,
        "minCorrect": 10,
        "timeLimit": 50
      },
      "rewards": {
        "starsPerQuestion": 1,
        "maxStars": 3,
        "unlocksLevel": 5,
        "pointsReward": 120
      },
      "unlockCondition": "total_stars_6"
    },
    {
      "id": 5,
      "name": "Level 5: Quick Mixed 1",
      "description": "Add/Sub mix under 20.",
      "operation": "complex",
      "digits": 1,
      "difficulty": "Easy",
      "requirements": {
        "totalQuestions": 15,
        "minCorrect": 12,
        "timeLimit": 60
      },
      "rewards": {
        "starsPerQuestion": 1,
        "maxStars": 3,
        "unlocksLevel": 6,
        "pointsReward": 150
      },
      "unlockCondition": "total_stars_9"
    },
    {
      "id": 6,
      "name": "Level 6: 2-Digit Entry",
      "description": "10s + 1s (No Carrying).",
      "operation": "addition",
      "digits": 2,
      "difficulty": "Medium",
      "requirements": {
        "totalQuestions": 10,
        "minCorrect": 8,
        "timeLimit": 50
      },
      "rewards": {
        "starsPerQuestion": 1,
        "maxStars": 3,
        "unlocksLevel": 7,
        "pointsReward": 200
      },
      "unlockCondition": "total_stars_12"
    },
    {
      "id": 7,
      "name": "Level 7: 2nd Digit Sub",
      "description": "10s - 1s (No Borrowing).",
      "operation": "subtraction",
      "digits": 2,
      "difficulty": "Medium",
      "requirements": {
        "totalQuestions": 10,
        "minCorrect": 8,
        "timeLimit": 50
      },
      "rewards": {
        "starsPerQuestion": 1,
        "maxStars": 3,
        "unlocksLevel": 8,
        "pointsReward": 200
      },
      "unlockCondition": "total_stars_15"
    },
    {
      "id": 8,
      "name": "Level 8: Multiples of 10",
      "description": "Adding round numbers.",
      "operation": "addition",
      "digits": 2,
      "difficulty": "Medium",
      "requirements": {
        "totalQuestions": 10,
        "minCorrect": 9,
        "timeLimit": 40
      },
      "rewards": {
        "starsPerQuestion": 1,
        "maxStars": 3,
        "unlocksLevel": 9,
        "pointsReward": 220
      },
      "unlockCondition": "total_stars_18"
    },
    {
      "id": 9,
      "name": "Level 9: Table of 2",
      "description": "Introduction to Multiplication.",
      "operation": "multiplication",
      "digits": 1,
      "difficulty": "Easy",
      "requirements": {
        "totalQuestions": 12,
        "minCorrect": 10,
        "timeLimit": 40
      },
      "rewards": {
        "starsPerQuestion": 1,
        "maxStars": 3,
        "unlocksLevel": 10,
        "pointsReward": 250
      },
      "unlockCondition": "total_stars_21"
    },
    {
      "id": 10,
      "name": "Level 10: Table of 5",
      "description": "The friendly fives.",
      "operation": "multiplication",
      "digits": 1,
      "difficulty": "Easy",
      "requirements": {
        "totalQuestions": 12,
        "minCorrect": 10,
        "timeLimit": 40
      },
      "rewards": {
        "starsPerQuestion": 1,
        "maxStars": 3,
        "unlocksLevel": 11,
        "pointsReward": 250
      },
      "unlockCondition": "total_stars_24"
    },
    {
      "id": 11,
      "name": "Level 11: Table of 10",
      "description": "Adding zeros.",
      "operation": "multiplication",
      "digits": 1,
      "difficulty": "Easy",
      "requirements": {
        "totalQuestions": 12,
        "minCorrect": 11,
        "timeLimit": 30
      },
      "rewards": {
        "starsPerQuestion": 1,
        "maxStars": 3,
        "unlocksLevel": 12,
        "pointsReward": 300
      },
      "unlockCondition": "total_stars_27"
    },
    {
      "id": 12,
      "name": "Level 12: Half It!",
      "description": "Division by 2.",
      "operation": "division",
      "digits": 1,
      "difficulty": "Easy",
      "requirements": {
        "totalQuestions": 10,
        "minCorrect": 8,
        "timeLimit": 50
      },
      "rewards": {
        "starsPerQuestion": 1,
        "maxStars": 3,
        "unlocksLevel": 13,
        "pointsReward": 300
      },
      "unlockCondition": "total_stars_30"
    },
    {
      "id": 13,
      "name": "Level 13: Divide by 5",
      "description": "Grouping by fives.",
      "operation": "division",
      "digits": 1,
      "difficulty": "Easy",
      "requirements": {
        "totalQuestions": 10,
        "minCorrect": 8,
        "timeLimit": 50
      },
      "rewards": {
        "starsPerQuestion": 1,
        "maxStars": 3,
        "unlocksLevel": 14,
        "pointsReward": 300
      },
      "unlockCondition": "total_stars_33"
    },
    {
      "id": 14,
      "name": "Level 14: 2nd Digit Addition+",
      "description": "Simple carrying.",
      "operation": "addition",
      "digits": 2,
      "difficulty": "Medium",
      "requirements": {
        "totalQuestions": 12,
        "minCorrect": 10,
        "timeLimit": 70
      },
      "rewards": {
        "starsPerQuestion": 1,
        "maxStars": 3,
        "unlocksLevel": 15,
        "pointsReward": 350
      },
      "unlockCondition": "total_stars_36"
    },
    {
      "id": 15,
      "name": "Level 15: 2nd Digit Subtraction-",
      "description": "Simple borrowing.",
      "operation": "subtraction",
      "digits": 2,
      "difficulty": "Medium",
      "requirements": {
        "totalQuestions": 12,
        "minCorrect": 10,
        "timeLimit": 70
      },
      "rewards": {
        "starsPerQuestion": 1,
        "maxStars": 3,
        "unlocksLevel": 16,
        "pointsReward": 350
      },
      "unlockCondition": "total_stars_39"
    },
    {
      "id": 16,
      "name": "Level 16: Table of 3",
      "description": "Triples.",
      "operation": "multiplication",
      "digits": 1,
      "difficulty": "Medium",
      "requirements": {
        "totalQuestions": 12,
        "minCorrect": 10,
        "timeLimit": 60
      },
      "rewards": {
        "starsPerQuestion": 1,
        "maxStars": 3,
        "unlocksLevel": 17,
        "pointsReward": 400
      },
      "unlockCondition": "total_stars_42"
    },
    {
      "id": 17,
      "name": "Level 17: Table of 4",
      "description": "Double doubles.",
      "operation": "multiplication",
      "digits": 1,
      "difficulty": "Medium",
      "requirements": {
        "totalQuestions": 12,
        "minCorrect": 10,
        "timeLimit": 60
      },
      "rewards": {
        "starsPerQuestion": 1,
        "maxStars": 3,
        "unlocksLevel": 18,
        "pointsReward": 400
      },
      "unlockCondition": "total_stars_45"
    },
    {
      "id": 18,
      "name": "Level 18: Mixed Basic",
      "description": "Multi/Div mix (Frees & Fives).",
      "operation": "complex",
      "digits": 1,
      "difficulty": "Medium",
      "requirements": {
        "totalQuestions": 15,
        "minCorrect": 12,
        "timeLimit": 80
      },
      "rewards": {
        "starsPerQuestion": 1,
        "maxStars": 3,
        "unlocksLevel": 19,
        "pointsReward": 450
      },
      "unlockCondition": "total_stars_48"
    },
    {
      "id": 19,
      "name": "Level 19: Double 2-Digits",
      "description": "Addition of two 2-digit numbers.",
      "operation": "addition",
      "digits": 2,
      "difficulty": "Medium",
      "requirements": {
        "totalQuestions": 12,
        "minCorrect": 10,
        "timeLimit": 90
      },
      "rewards": {
        "starsPerQuestion": 1,
        "maxStars": 3,
        "unlocksLevel": 20,
        "pointsReward": 500
      },
      "unlockCondition": "total_stars_51"
    },
    {
      "id": 20,
      "name": "Level 20: 2-Digit Gap",
      "description": "Subtraction of 2-digit numbers.",
      "operation": "subtraction",
      "digits": 2,
      "difficulty": "Medium",
      "requirements": {
        "totalQuestions": 12,
        "minCorrect": 10,
        "timeLimit": 90
      },
      "rewards": {
        "starsPerQuestion": 1,
        "maxStars": 3,
        "unlocksLevel": 21,
        "pointsReward": 500
      },
      "unlockCondition": "total_stars_54"
    },
    {
      "id": 21,
      "name": "Level 21: Tables 6 & 7",
      "description": "Moving to harder tables.",
      "operation": "multiplication",
      "digits": 1,
      "difficulty": "Medium",
      "requirements": {
        "totalQuestions": 12,
        "minCorrect": 10,
        "timeLimit": 70
      },
      "rewards": {
        "starsPerQuestion": 1,
        "maxStars": 3,
        "unlocksLevel": 22,
        "pointsReward": 600
      },
      "unlockCondition": "total_stars_57"
    },
    {
      "id": 22,
      "name": "Level 22: Tables 8 & 9",
      "description": "Almost to ten.",
      "operation": "multiplication",
      "digits": 1,
      "difficulty": "Medium",
      "requirements": {
        "totalQuestions": 12,
        "minCorrect": 10,
        "timeLimit": 70
      },
      "rewards": {
        "starsPerQuestion": 1,
        "maxStars": 3,
        "unlocksLevel": 23,
        "pointsReward": 600
      },
      "unlockCondition": "total_stars_60"
    },
    {
      "id": 23,
      "name": "Level 23: Perfect Squares",
      "description": "N x N up to 12.",
      "operation": "multiplication",
      "digits": 1,
      "difficulty": "Hard",
      "requirements": {
        "totalQuestions": 10,
        "minCorrect": 8,
        "timeLimit": 60
      },
      "rewards": {
        "starsPerQuestion": 1,
        "maxStars": 3,
        "unlocksLevel": 24,
        "pointsReward": 700
      },
      "unlockCondition": "total_stars_63"
    },
    {
      "id": 24,
      "name": "Level 24: Divide within 100",
      "description": "Table based division.",
      "operation": "division",
      "digits": 2,
      "difficulty": "Medium",
      "requirements": {
        "totalQuestions": 12,
        "minCorrect": 10,
        "timeLimit": 80
      },
      "rewards": {
        "starsPerQuestion": 1,
        "maxStars": 3,
        "unlocksLevel": 25,
        "pointsReward": 700
      },
      "unlockCondition": "total_stars_66"
    },
    {
      "id": 25,
      "name": "Level 25: Triple Digit Start",
      "description": "100s + 10s.",
      "operation": "addition",
      "digits": 3,
      "difficulty": "Hard",
      "requirements": {
        "totalQuestions": 10,
        "minCorrect": 8,
        "timeLimit": 100
      },
      "rewards": {
        "starsPerQuestion": 1,
        "maxStars": 3,
        "unlocksLevel": 26,
        "pointsReward": 800
      },
      "unlockCondition": "total_stars_69"
    },
    {
      "id": 26,
      "name": "Level 26: Subtraction Mastery",
      "description": "Near multiples (e.g., 51-19).",
      "operation": "subtraction",
      "digits": 2,
      "difficulty": "Hard",
      "requirements": {
        "totalQuestions": 12,
        "minCorrect": 10,
        "timeLimit": 100
      },
      "rewards": {
        "starsPerQuestion": 1,
        "maxStars": 3,
        "unlocksLevel": 27,
        "pointsReward": 850
      },
      "unlockCondition": "total_stars_72"
    },
    {
      "id": 27,
      "name": "Level 27: Multiplication 12s",
      "description": "Focus on 12 times tables.",
      "operation": "multiplication",
      "digits": 2,
      "difficulty": "Hard",
      "requirements": {
        "totalQuestions": 12,
        "minCorrect": 10,
        "timeLimit": 90
      },
      "rewards": {
        "starsPerQuestion": 1,
        "maxStars": 3,
        "unlocksLevel": 28,
        "pointsReward": 900
      },
      "unlockCondition": "total_stars_75"
    },
    {
      "id": 28,
      "name": "Level 28: Division Mastery 1",
      "description": "Dividing by 3, 4, 6.",
      "operation": "division",
      "digits": 2,
      "difficulty": "Hard",
      "requirements": {
        "totalQuestions": 12,
        "minCorrect": 10,
        "timeLimit": 110
      },
      "rewards": {
        "starsPerQuestion": 1,
        "maxStars": 3,
        "unlocksLevel": 29,
        "pointsReward": 950
      },
      "unlockCondition": "total_stars_78"
    },
    {
      "id": 29,
      "name": "Level 29: Tables Mashup",
      "description": "Random tables 2nd-9th.",
      "operation": "multiplication",
      "digits": 1,
      "difficulty": "Hard",
      "requirements": {
        "totalQuestions": 20,
        "minCorrect": 18,
        "timeLimit": 120
      },
      "rewards": {
        "starsPerQuestion": 1,
        "maxStars": 3,
        "unlocksLevel": 30,
        "pointsReward": 1000
      },
      "unlockCondition": "total_stars_81"
    },
    {
      "id": 30,
      "name": "Level 30: Century Addition",
      "description": "Sums crossing 100.",
      "operation": "addition",
      "digits": 2,
      "difficulty": "Hard",
      "requirements": {
        "totalQuestions": 15,
        "minCorrect": 13,
        "timeLimit": 120
      },
      "rewards": {
        "starsPerQuestion": 1,
        "maxStars": 3,
        "unlocksLevel": 31,
        "pointsReward": 1100
      },
      "unlockCondition": "total_stars_84"
    },
    {
      "id": 31,
      "name": "Level 31: Decade Subtraction",
      "description": "Subtraction crossing 100.",
      "operation": "subtraction",
      "digits": 3,
      "difficulty": "Hard",
      "requirements": {
        "totalQuestions": 15,
        "minCorrect": 13,
        "timeLimit": 130
      },
      "rewards": {
        "starsPerQuestion": 1,
        "maxStars": 3,
        "unlocksLevel": 32,
        "pointsReward": 1150
      },
      "unlockCondition": "total_stars_87"
    },
    {
      "id": 32,
      "name": "Level 32: Multi of 15 / 25",
      "description": "Mental friendly numbers multiplication.",
      "operation": "multiplication",
      "digits": 2,
      "difficulty": "Hard",
      "requirements": {
        "totalQuestions": 12,
        "minCorrect": 10,
        "timeLimit": 110
      },
      "rewards": {
        "starsPerQuestion": 1,
        "maxStars": 3,
        "unlocksLevel": 33,
        "pointsReward": 1200
      },
      "unlockCondition": "total_stars_90"
    },
    {
      "id": 33,
      "name": "Level 33: Quartering",
      "description": "Division by 4.",
      "operation": "division",
      "digits": 2,
      "difficulty": "Hard",
      "requirements": {
        "totalQuestions": 12,
        "minCorrect": 10,
        "timeLimit": 100
      },
      "rewards": {
        "starsPerQuestion": 1,
        "maxStars": 3,
        "unlocksLevel": 34,
        "pointsReward": 1250
      },
      "unlockCondition": "total_stars_93"
    },
    {
      "id": 34,
      "name": "Level 34: Mixed Frenzy",
      "description": "Fast Addition & Subtraction.",
      "operation": "complex",
      "digits": 2,
      "difficulty": "Hard",
      "requirements": {
        "totalQuestions": 20,
        "minCorrect": 17,
        "timeLimit": 150
      },
      "rewards": {
        "starsPerQuestion": 1,
        "maxStars": 3,
        "unlocksLevel": 35,
        "pointsReward": 1300
      },
      "unlockCondition": "total_stars_96"
    },
    {
      "id": 35,
      "name": "Level 35: Extreme Fives",
      "description": "Multi/Div by 5 on 2nd digits.",
      "operation": "complex",
      "digits": 2,
      "difficulty": "Extreme",
      "requirements": {
        "totalQuestions": 12,
        "minCorrect": 10,
        "timeLimit": 100
      },
      "rewards": {
        "starsPerQuestion": 1,
        "maxStars": 3,
        "unlocksLevel": 36,
        "pointsReward": 1400
      },
      "unlockCondition": "total_stars_100"
    },
    {
      "id": 36,
      "name": "Level 36: Triple digit Lite",
      "description": "3nd Digit Addition (Easy bits).",
      "operation": "addition",
      "digits": 3,
      "difficulty": "Hard",
      "requirements": {
        "totalQuestions": 10,
        "minCorrect": 8,
        "timeLimit": 120
      },
      "rewards": {
        "starsPerQuestion": 1,
        "maxStars": 3,
        "unlocksLevel": 37,
        "pointsReward": 1500
      },
      "unlockCondition": "total_stars_103"
    },
    {
      "id": 37,
      "name": "Level 37: Triple digit Sub Lite",
      "description": "3nd Digit Subtraction (Easy bits).",
      "operation": "subtraction",
      "digits": 3,
      "difficulty": "Hard",
      "requirements": {
        "totalQuestions": 10,
        "minCorrect": 8,
        "timeLimit": 120
      },
      "rewards": {
        "starsPerQuestion": 1,
        "maxStars": 3,
        "unlocksLevel": 38,
        "pointsReward": 1500
      },
      "unlockCondition": "total_stars_106"
    },
    {
      "id": 38,
      "name": "Level 38: Multi Double x Single",
      "description": "11-19 times any single digit.",
      "operation": "multiplication",
      "digits": 2,
      "difficulty": "Extreme",
      "requirements": {
        "totalQuestions": 12,
        "minCorrect": 10,
        "timeLimit": 120
      },
      "rewards": {
        "starsPerQuestion": 1,
        "maxStars": 3,
        "unlocksLevel": 39,
        "pointsReward": 1600
      },
      "unlockCondition": "total_stars_109"
    },
    {
      "id": 39,
      "name": "Level 39: Divide by 8 / 9",
      "description": "The hard divisors.",
      "operation": "division",
      "digits": 2,
      "difficulty": "Extreme",
      "requirements": {
        "totalQuestions": 12,
        "minCorrect": 10,
        "timeLimit": 130
      },
      "rewards": {
        "starsPerQuestion": 1,
        "maxStars": 3,
        "unlocksLevel": 40,
        "pointsReward": 1700
      },
      "unlockCondition": "total_stars_112"
    },
    {
      "id": 40,
      "name": "Level 40: Half Century",
      "description": "Mixed Mastery - Halfway Point.",
      "operation": "complex",
      "digits": 2,
      "difficulty": "Extreme",
      "requirements": {
        "totalQuestions": 30,
        "minCorrect": 25,
        "timeLimit": 300
      },
      "rewards": {
        "starsPerQuestion": 1,
        "maxStars": 3,
        "unlocksLevel": 41,
        "pointsReward": 2000
      },
      "unlockCondition": "total_stars_115"
    },
    {
      "id": 41,
      "name": "Level 41: Zen Add 1",
      "description": "Calm, fast addition.",
      "operation": "addition",
      "digits": 1,
      "difficulty": "Easy",
      "requirements": {
        "totalQuestions": 15,
        "minCorrect": 15,
        "timeLimit": 30
      },
      "rewards": {
        "starsPerQuestion": 1,
        "maxStars": 3,
        "unlocksLevel": 42,
        "pointsReward": 250
      },
      "unlockCondition": "total_stars_118"
    },
    {
      "id": 42,
      "name": "Level 42: Zen Sub 1",
      "description": "Calm, fast subtraction.",
      "operation": "subtraction",
      "digits": 1,
      "difficulty": "Easy",
      "requirements": {
        "totalQuestions": 15,
        "minCorrect": 15,
        "timeLimit": 30
      },
      "rewards": {
        "starsPerQuestion": 1,
        "maxStars": 3,
        "unlocksLevel": 43,
        "pointsReward": 250
      },
      "unlockCondition": "total_stars_121"
    },
    {
      "id": 43,
      "name": "Level 43: Zen Multi 1",
      "description": "Calm, fast multiplication.",
      "operation": "multiplication",
      "digits": 1,
      "difficulty": "Easy",
      "requirements": {
        "totalQuestions": 15,
        "minCorrect": 15,
        "timeLimit": 45
      },
      "rewards": {
        "starsPerQuestion": 1,
        "maxStars": 3,
        "unlocksLevel": 44,
        "pointsReward": 300
      },
      "unlockCondition": "total_stars_124"
    },
    {
      "id": 44,
      "name": "Level 44: Zen Div 1",
      "description": "Calm, fast division.",
      "operation": "division",
      "digits": 1,
      "difficulty": "Easy",
      "requirements": {
        "totalQuestions": 15,
        "minCorrect": 15,
        "timeLimit": 45
      },
      "rewards": {
        "starsPerQuestion": 1,
        "maxStars": 3,
        "unlocksLevel": 45,
        "pointsReward": 300
      },
      "unlockCondition": "total_stars_127"
    },
    {
      "id": 45,
      "name": "Level 45: Zen Complex 1",
      "description": "Total focus.",
      "operation": "complex",
      "digits": 1,
      "difficulty": "Easy",
      "requirements": {
        "totalQuestions": 20,
        "minCorrect": 20,
        "timeLimit": 60
      },
      "rewards": {
        "starsPerQuestion": 1,
        "maxStars": 3,
        "unlocksLevel": 46,
        "pointsReward": 500
      },
      "unlockCondition": "total_stars_130"
    },
    {
      "id": 46,
      "name": "Level 46: Hundreds Club",
      "description": "Addition near 500.",
      "operation": "addition",
      "digits": 3,
      "difficulty": "Hard",
      "requirements": {
        "totalQuestions": 12,
        "minCorrect": 10,
        "timeLimit": 120
      },
      "rewards": {
        "starsPerQuestion": 1,
        "maxStars": 3,
        "unlocksLevel": 47,
        "pointsReward": 1000
      },
      "unlockCondition": "total_stars_133"
    },
    {
      "id": 47,
      "name": "Level 47: Debt Collector",
      "description": "Subtraction from 1000.",
      "operation": "subtraction",
      "digits": 3,
      "difficulty": "Hard",
      "requirements": {
        "totalQuestions": 12,
        "minCorrect": 10,
        "timeLimit": 120
      },
      "rewards": {
        "starsPerQuestion": 1,
        "maxStars": 3,
        "unlocksLevel": 48,
        "pointsReward": 1000
      },
      "unlockCondition": "total_stars_136"
    },
    {
      "id": 48,
      "name": "Level 48: Double the Fun",
      "description": "2-Digit x 2 Multiplication.",
      "operation": "multiplication",
      "digits": 2,
      "difficulty": "Hard",
      "requirements": {
        "totalQuestions": 15,
        "minCorrect": 13,
        "timeLimit": 100
      },
      "rewards": {
        "starsPerQuestion": 1,
        "maxStars": 3,
        "unlocksLevel": 49,
        "pointsReward": 1100
      },
      "unlockCondition": "total_stars_139"
    },
    {
      "id": 49,
      "name": "Level 49: Short Division Elite",
      "description": "Dividing by 4 and 5.",
      "operation": "division",
      "digits": 2,
      "difficulty": "Hard",
      "requirements": {
        "totalQuestions": 15,
        "minCorrect": 13,
        "timeLimit": 100
      },
      "rewards": {
        "starsPerQuestion": 1,
        "maxStars": 3,
        "unlocksLevel": 50,
        "pointsReward": 1100
      },
      "unlockCondition": "total_stars_142"
    },
    {
      "id": 50,
      "name": "Level 50: The Speedrun",
      "description": "Basic cards, ultra fast.",
      "operation": "complex",
      "digits": 1,
      "difficulty": "Extreme",
      "requirements": {
        "totalQuestions": 40,
        "minCorrect": 38,
        "timeLimit": 90
      },
      "rewards": {
        "starsPerQuestion": 1,
        "maxStars": 3,
        "unlocksLevel": 51,
        "pointsReward": 2500
      },
      "unlockCondition": "total_stars_145"
    },
    {
      "id": 51,
      "name": "Level 51: Decimal Prep",
      "description": "Multiples of 100 Addition.",
      "operation": "addition",
      "digits": 3,
      "difficulty": "Medium",
      "requirements": {
        "totalQuestions": 15,
        "minCorrect": 14,
        "timeLimit": 60
      },
      "rewards": {
        "starsPerQuestion": 1,
        "maxStars": 3,
        "unlocksLevel": 52,
        "pointsReward": 1200
      },
      "unlockCondition": "total_stars_148"
    },
    {
      "id": 52,
      "name": "Level 52: Decimal Prep-",
      "description": "Multiples of 100 Subtraction.",
      "operation": "subtraction",
      "digits": 3,
      "difficulty": "Medium",
      "requirements": {
        "totalQuestions": 15,
        "minCorrect": 14,
        "timeLimit": 60
      },
      "rewards": {
        "starsPerQuestion": 1,
        "maxStars": 3,
        "unlocksLevel": 53,
        "pointsReward": 1200
      },
      "unlockCondition": "total_stars_151"
    },
    {
      "id": 53,
      "name": "Level 53: Table 11 & 12 Rush",
      "description": "Double digit singles multiplication.",
      "operation": "multiplication",
      "digits": 2,
      "difficulty": "Medium",
      "requirements": {
        "totalQuestions": 15,
        "minCorrect": 14,
        "timeLimit": 60
      },
      "rewards": {
        "starsPerQuestion": 1,
        "maxStars": 3,
        "unlocksLevel": 54,
        "pointsReward": 1200
      },
      "unlockCondition": "total_stars_154"
    },
    {
      "id": 54,
      "name": "Level 54: Simple Divisions",
      "description": "Small numbers, high count.",
      "operation": "division",
      "digits": 2,
      "difficulty": "Medium",
      "requirements": {
        "totalQuestions": 25,
        "minCorrect": 23,
        "timeLimit": 120
      },
      "rewards": {
        "starsPerQuestion": 1,
        "maxStars": 3,
        "unlocksLevel": 55,
        "pointsReward": 1200
      },
      "unlockCondition": "total_stars_157"
    },
    {
      "id": 55,
      "name": "Level 55: Carrying Chaos",
      "description": "Addition with double carrying.",
      "operation": "addition",
      "digits": 2,
      "difficulty": "Hard",
      "requirements": {
        "totalQuestions": 15,
        "minCorrect": 13,
        "timeLimit": 100
      },
      "rewards": {
        "starsPerQuestion": 1,
        "maxStars": 3,
        "unlocksLevel": 56,
        "pointsReward": 1300
      },
      "unlockCondition": "total_stars_160"
    },
    {
      "id": 56,
      "name": "Level 56: Borrowing Battle",
      "description": "Subtraction with double borrowing.",
      "operation": "subtraction",
      "digits": 2,
      "difficulty": "Hard",
      "requirements": {
        "totalQuestions": 15,
        "minCorrect": 13,
        "timeLimit": 100
      },
      "rewards": {
        "starsPerQuestion": 1,
        "maxStars": 3,
        "unlocksLevel": 57,
        "pointsReward": 1300
      },
      "unlockCondition": "total_stars_163"
    },
    {
      "id": 57,
      "name": "Level 57: Table of 15",
      "description": "The clock numbers.",
      "operation": "multiplication",
      "digits": 2,
      "difficulty": "Hard",
      "requirements": {
        "totalQuestions": 10,
        "minCorrect": 9,
        "timeLimit": 80
      },
      "rewards": {
        "starsPerQuestion": 1,
        "maxStars": 3,
        "unlocksLevel": 58,
        "pointsReward": 1400
      },
      "unlockCondition": "total_stars_166"
    },
    {
      "id": 58,
      "name": "Level 58: Divided by 7",
      "description": "Scaling 7s.",
      "operation": "division",
      "digits": 2,
      "difficulty": "Hard",
      "requirements": {
        "totalQuestions": 12,
        "minCorrect": 10,
        "timeLimit": 120
      },
      "rewards": {
        "starsPerQuestion": 1,
        "maxStars": 3,
        "unlocksLevel": 59,
        "pointsReward": 1500
      },
      "unlockCondition": "total_stars_169"
    },
    {
      "id": 59,
      "name": "Level 59: Complex 2",
      "description": "Mixed ops on 2-digit.",
      "operation": "complex",
      "digits": 2,
      "difficulty": "Extreme",
      "requirements": {
        "totalQuestions": 20,
        "minCorrect": 16,
        "timeLimit": 180
      },
      "rewards": {
        "starsPerQuestion": 1,
        "maxStars": 3,
        "unlocksLevel": 60,
        "pointsReward": 1800
      },
      "unlockCondition": "total_stars_172"
    },
    {
      "id": 60,
      "name": "Level 60: Mega Sum",
      "description": "Addition of triple digits.",
      "operation": "addition",
      "digits": 3,
      "difficulty": "Extreme",
      "requirements": {
        "totalQuestions": 12,
        "minCorrect": 10,
        "timeLimit": 200
      },
      "rewards": {
        "starsPerQuestion": 1,
        "maxStars": 3,
        "unlocksLevel": 61,
        "pointsReward": 2500
      },
      "unlockCondition": "total_stars_175"
    },
    {
      "id": 61,
      "name": "Level 61: Fast Five Plus",
      "description": "Add 5 to everything.",
      "operation": "addition",
      "digits": 2,
      "difficulty": "Easy",
      "requirements": {
        "totalQuestions": 20,
        "minCorrect": 20,
        "timeLimit": 60
      },
      "rewards": {
        "starsPerQuestion": 1,
        "maxStars": 3,
        "unlocksLevel": 62,
        "pointsReward": 500
      },
      "unlockCondition": "total_stars_178"
    },
    {
      "id": 62,
      "name": "Level 62: Fast Ten Minus",
      "description": "Subtract 10 from everything.",
      "operation": "subtraction",
      "digits": 2,
      "difficulty": "Easy",
      "requirements": {
        "totalQuestions": 20,
        "minCorrect": 20,
        "timeLimit": 60
      },
      "rewards": {
        "starsPerQuestion": 1,
        "maxStars": 3,
        "unlocksLevel": 63,
        "pointsReward": 500
      },
      "unlockCondition": "total_stars_181"
    },
    {
      "id": 63,
      "name": "Level 63: Double Down",
      "description": "Multiplication by 2.",
      "operation": "multiplication",
      "digits": 2,
      "difficulty": "Medium",
      "requirements": {
        "totalQuestions": 20,
        "minCorrect": 18,
        "timeLimit": 100
      },
      "rewards": {
        "starsPerQuestion": 1,
        "maxStars": 3,
        "unlocksLevel": 64,
        "pointsReward": 800
      },
      "unlockCondition": "total_stars_184"
    },
    {
      "id": 64,
      "name": "Level 64: Half Way Home",
      "description": "Division of even 2nd digits.",
      "operation": "division",
      "digits": 2,
      "difficulty": "Medium",
      "requirements": {
        "totalQuestions": 20,
        "minCorrect": 18,
        "timeLimit": 100
      },
      "rewards": {
        "starsPerQuestion": 1,
        "maxStars": 3,
        "unlocksLevel": 65,
        "pointsReward": 800
      },
      "unlockCondition": "total_stars_187"
    },
    {
      "id": 65,
      "name": "Level 65: Mixed Rapid 2",
      "description": "All 4 ops, 1st digit.",
      "operation": "complex",
      "digits": 1,
      "difficulty": "Medium",
      "requirements": {
        "totalQuestions": 30,
        "minCorrect": 28,
        "timeLimit": 120
      },
      "rewards": {
        "starsPerQuestion": 1,
        "maxStars": 3,
        "unlocksLevel": 66,
        "pointsReward": 1500
      },
      "unlockCondition": "total_stars_190"
    },
    {
      "id": 66,
      "name": "Level 66: Heavy Loading",
      "description": "Large Subtractions.",
      "operation": "subtraction",
      "digits": 3,
      "difficulty": "Extreme",
      "requirements": {
        "totalQuestions": 15,
        "minCorrect": 13,
        "timeLimit": 240
      },
      "rewards": {
        "starsPerQuestion": 1,
        "maxStars": 3,
        "unlocksLevel": 67,
        "pointsReward": 2000
      },
      "unlockCondition": "total_stars_193"
    },
    {
      "id": 67,
      "name": "Level 67: Triple Multiplication",
      "description": "2-Digit x 3.",
      "operation": "multiplication",
      "digits": 2,
      "difficulty": "Hard",
      "requirements": {
        "totalQuestions": 20,
        "minCorrect": 18,
        "timeLimit": 150
      },
      "rewards": {
        "starsPerQuestion": 1,
        "maxStars": 3,
        "unlocksLevel": 68,
        "pointsReward": 2200
      },
      "unlockCondition": "total_stars_196"
    },
    {
      "id": 68,
      "name": "Level 68: Perfect Divisions",
      "description": "Dividing by 6nd and 9nds.",
      "operation": "division",
      "digits": 2,
      "difficulty": "Extreme",
      "requirements": {
        "totalQuestions": 20,
        "minCorrect": 18,
        "timeLimit": 180
      },
      "rewards": {
        "starsPerQuestion": 1,
        "maxStars": 3,
        "unlocksLevel": 69,
        "pointsReward": 2400
      },
      "unlockCondition": "total_stars_199"
    },
    {
      "id": 69,
      "name": "Level 69: Near Thousand",
      "description": "Addition of 3nd digits.",
      "operation": "addition",
      "digits": 3,
      "difficulty": "Extreme",
      "requirements": {
        "totalQuestions": 15,
        "minCorrect": 13,
        "timeLimit": 300
      },
      "rewards": {
        "starsPerQuestion": 1,
        "maxStars": 3,
        "unlocksLevel": 70,
        "pointsReward": 3000
      },
      "unlockCondition": "total_stars_202"
    },
    {
      "id": 70,
      "name": "Level 70: Zenith Complex",
      "description": "The ultimate test.",
      "operation": "complex",
      "digits": 2,
      "difficulty": "Extreme",
      "requirements": {
        "totalQuestions": 50,
        "minCorrect": 45,
        "timeLimit": 480
      },
      "rewards": {
        "starsPerQuestion": 1,
        "maxStars": 3,
        "unlocksLevel": 71,
        "pointsReward": 5000
      },
      "unlockCondition": "total_stars_205"
    },
    {
      "id": 71,
      "name": "Level 71: Cloud Nine",
      "description": "Infinite Addition.",
      "operation": "addition",
      "digits": 2,
      "difficulty": "Medium",
      "requirements": {
        "totalQuestions": 100,
        "minCorrect": 95,
        "timeLimit": 600
      },
      "rewards": {
        "starsPerQuestion": 1,
        "maxStars": 3,
        "unlocksLevel": 72,
        "pointsReward": 10000
      },
      "unlockCondition": "total_stars_208"
    },
    {
      "id": 72,
      "name": "Level 72: Deep Void",
      "description": "Infinite Subtraction.",
      "operation": "subtraction",
      "digits": 2,
      "difficulty": "Medium",
      "requirements": {
        "totalQuestions": 100,
        "minCorrect": 95,
        "timeLimit": 600
      },
      "rewards": {
        "starsPerQuestion": 1,
        "maxStars": 3,
        "unlocksLevel": 73,
        "pointsReward": 10000
      },
      "unlockCondition": "total_stars_211"
    },
    {
      "id": 73,
      "name": "Level 73: Star Field",
      "description": "Infinite Multiplication.",
      "operation": "multiplication",
      "digits": 1,
      "difficulty": "Medium",
      "requirements": {
        "totalQuestions": 100,
        "minCorrect": 95,
        "timeLimit": 600
      },
      "rewards": {
        "starsPerQuestion": 1,
        "maxStars": 3,
        "unlocksLevel": 74,
        "pointsReward": 10000
      },
      "unlockCondition": "total_stars_214"
    },
    {
      "id": 74,
      "name": "Level 74: Black Hole",
      "description": "Infinite Division.",
      "operation": "division",
      "digits": 1,
      "difficulty": "Medium",
      "requirements": {
        "totalQuestions": 100,
        "minCorrect": 95,
        "timeLimit": 600
      },
      "rewards": {
        "starsPerQuestion": 1,
        "maxStars": 3,
        "unlocksLevel": 75,
        "pointsReward": 10000
      },
      "unlockCondition": "total_stars_217"
    },
    {
      "id": 75,
      "name": "Level 75: Math Drill Legend",
      "description": "All ops, all skills.",
      "operation": "complex",
      "digits": 2,
      "difficulty": "Extreme",
      "requirements": {
        "totalQuestions": 100,
        "minCorrect": 99,
        "timeLimit": 500
      },
      "rewards": {
        "starsPerQuestion": 1,
        "maxStars": 3,
        "pointsReward": 50000
      },
      "unlockCondition": "total_stars_220"
    }
  ]
}